0.1,3200,0,0,0
0.1,3000,0,0,0
0.1,2500,0,0,0
0.1,2780,0,0,0
0.1,2950,0,0,0
0.1,3400,0,0,1
0.2,6990,0,0,0
0.2,7980,0,0,0
0.2,7950,0,0,0
0.2,8150,0,0,0
0.2,7990,0,0,1
0.2,7700,0,0,0
0.2,6980,0,0,0
0.2,6320,0,0,0
0.2,7900,0,0,0
0.3,3290,0,0,0
0.3,3280,0,0,1
0.4,1980,0,0,0
0.4,2600,0,0,0
0.4,2300,0,0,0
0.4,1980,1,0,0
0.4,2200,0,0,0
0.4,2490,0,0,0
0.4,2800,0,0,0
0.4,2180,1,0,0
0.4,1880,0,0,0
0.4,2390,0,0,0
0.4,2100,0,0,0
0.4,2700,0,0,0
0.4,3100,0,0,0
0.4,2400,0,0,0
0.4,2780,0,0,0
0.4,2250,0,0,0
0.4,2480,0,0,0
0.4,2150,0,0,0
0.4,2350,0,0,0
0.4,3200,0,0,0
0.4,1950,0,0,0
0.4,2500,0,0,0
0.4,1900,1,0,0
0.4,1180,0,0,1
0.4,2580,0,0,0
0.4,1780,0,0,0
0.4,1480,0,0,0
0.4,2980,0,0,0
0.5,1980,0,0,0
0.5,3490,0,0,0
0.5,4000,0,0,0
0.5,3400,0,0,0
0.5,3000,0,0,1
0.5,3200,0,0,0
0.5,3550,0,0,0
0.5,2750,0,0,0
0.5,3500,0,0,0
0.5,2150,1,0,0
0.5,1980,1,0,0
0.5,3900,0,0,0
0.5,3690,0,0,0
0.5,2600,0,0,0
0.5,3380,0,0,0
0.5,3350,0,0,0
0.5,3300,0,0,0
0.5,3250,0,0,0
0.5,3630,0,0,0
0.5,2200,0,0,0
0.5,2000,1,0,0
0.5,2500,0,0,0
0.5,2480,0,0,0
0.5,2990,0,0,0
0.5,2400,0,0,0
0.6,8690,0,0,0
0.6,7880,0,0,0
0.6,8990,0,0,0
0.6,7280,0,0,0
0.6,6990,0,0,0
0.6,6900,0,0,0
0.6,6980,0,0,0
0.6,7490,0,0,0
0.6,7980,0,0,1
0.6,7990,0,0,0
0.6,5990,0,0,0
0.6,8450,0,0,0
0.7,6110,0,0,0
0.7,6500,0,0,0
0.7,5900,0,0,1
0.7,6580,0,0,0
0.8,7180,0,0,0
0.8,6980,0,0,1
0.8,6990,0,0,0
0.9,7980,0,0,0
0.9,7860,0,0,1
0.9,4090,0,0,0
0.9,8180,0,0,0
0.9,6480,0,0,0
0.9,5720,0,0,0
0.11,6470,0,0,0
0.11,5400,0,0,0
0.11,6580,1,0,0
0.11,6290,0,0,0
0.11,6500,0,0,0
0.11,4800,0,0,0
0.11,6600,0,0,0
0.11,6300,0,0,0
0.11,6800,0,0,0
0.11,6950,0,0,0
0.11,5680,0,0,0
0.11,5200,0,0,0
0.11,4060,0,0,0
0.11,4680,0,0,0
0.11,6900,0,0,0
0.11,4450,0,0,0
0.11,4400,0,0,0
0.11,4200,0,0,0
0.11,4800,1,0,0
0.11,5000,0,0,1
0.11,6490,0,0,0
0.11,6000,0,0,0
0.11,4510,0,0,0
0.11,4980,0,0,0
0.11,4500,0,0,0
0.11,5080,0,0,0
0.11,6350,0,0,0
0.12,4990,0,0,0
0.12,4400,0,0,0
0.12,5350,0,0,0
0.12,4980,0,0,0
0.12,5600,0,0,0
0.12,4790,0,0,0
0.12,4250,0,0,0
0.12,4500,0,0,0
0.12,6290,0,0,0
0.12,5000,0,0,0
0.12,6000,0,0,0
0.12,5500,0,0,0
0.12,5200,0,0,0
0.12,4900,0,0,1
0.12,4950,0,0,0
0.12,4000,0,0,0
0.12,3600,0,0,0
0.12,5700,0,0,0
0.12,5800,0,0,0
0.13,3650,0,0,0
0.13,2700,0,0,0
0.13,3750,0,0,0
0.13,3950,0,0,1
0.14,3900,0,0,0
0.14,3600,0,0,1
0.15,1590,0,0,0
0.15,1380,0,0,0
0.15,1000,0,0,0
0.15,990,0,0,0
0.15,1190,0,0,0
0.15,1200,0,0,0
0.15,1290,0,0,0
0.15,1600,0,0,0
0.15,1300,0,0,0
0.15,1040,0,0,1
0.15,1000,1,0,0
0.15,950,0,0,0
0.15,1250,0,0,0
0.15,1500,0,0,0
0.15,990,1,0,0
0.15,1450,0,0,0
0.15,940,0,0,0
0.15,1490,0,0,0
0.16,1000,1,0,0
0.16,1100,0,0,0
0.16,1590,0,0,0
0.16,1490,0,0,0
0.16,990,1,0,0
0.16,1200,0,0,0
0.16,1280,0,0,0
0.16,990,0,0,0
0.16,1350,0,0,0
0.16,1000,0,0,0
0.16,1150,0,0,0
0.16,1180,0,0,0
0.16,940,0,0,0
0.16,1040,0,0,0
0.16,950,0,0,0
0.16,1250,0,0,0
0.16,1500,0,0,0
0.16,1300,0,0,0
0.16,1290,0,0,0
0.16,1190,0,0,0
0.17,3380,0,0,0
0.17,3780,0,0,0
0.17,3500,0,0,0
0.17,3500,1,0,0
0.17,2980,1,0,1
0.18,4980,0,0,0
0.18,5900,0,0,0
0.18,5800,0,0,1
0.18,6090,0,0,0
0.18,4840,0,0,0
0.18,6500,0,0,0
0.18,4980,1,0,0
0.18,6400,0,0,0
0.19,4980,0,0,0
0.19,3890,0,0,1
0.19,3900,0,0,0
0.19,4950,0,0,0
0.21,2280,0,0,0
0.21,3600,0,0,0
0.21,3300,0,0,0
0.21,3800,0,0,0
0.21,3500,0,0,0
0.21,3280,0,0,0
0.21,3200,0,0,0
0.21,3400,0,0,0
0.21,2980,0,0,0
0.21,3390,0,0,0
0.21,3750,0,0,0
0.21,2980,1,0,0
0.21,3600,1,0,0
0.21,4000,0,0,0
0.21,3000,0,0,1
0.21,2950,1,0,0
0.21,2850,0,0,0
0.21,3660,0,0,0
0.21,3250,0,0,0
0.21,3490,0,0,0
0.21,2950,0,0,0
0.21,2690,0,0,0
0.22,3380,0,0,0
0.22,3480,0,0,0
0.22,3300,0,0,0
0.22,3600,0,0,0
0.22,2950,0,0,0
0.22,4150,0,0,0
0.22,3090,0,0,0
0.22,3450,0,0,0
0.22,3490,0,0,0
0.22,3390,0,0,0
0.22,3650,0,0,0
0.22,3800,0,0,0
0.22,3420,0,0,0
0.22,3190,0,0,0
0.22,3100,0,0,0
0.22,3580,0,0,0
0.22,3590,0,0,0
0.22,3700,0,0,0
0.22,3400,0,0,0
0.22,3500,0,0,1
0.22,4000,0,0,0
0.22,2950,1,0,0
0.22,2980,0,0,0
0.22,3550,0,0,0
0.22,3150,0,0,0
0.22,3850,0,0,0
0.22,3950,0,0,0
0.22,3500,1,0,0
0.22,3200,0,0,0
0.22,3250,0,0,0
0.22,3740,0,0,0
0.22,3350,0,0,0
0.22,2880,0,0,0
0.22,3040,0,0,0
0.22,3900,0,0,0
0.23,2750,0,0,0
0.23,4000,0,0,0
0.23,2980,1,0,0
0.23,2490,0,0,0
0.23,2850,0,0,0
0.23,3000,0,0,0
0.23,3200,0,0,0
0.23,2480,1,0,0
0.23,2800,0,0,1
0.23,2400,0,0,0
0.23,2750,1,0,0
0.23,2700,0,0,0
0.23,2850,1,0,0
0.23,2500,1,0,0
0.23,2900,0,0,0
0.23,2500,0,0,0
0.23,3500,0,0,0
0.23,2600,1,0,0
0.23,2680,0,0,0
0.23,2650,0,0,0
0.23,2980,0,0,0
0.23,2790,0,0,0
0.23,3600,0,0,0
0.23,2990,0,0,0
0.23,2590,0,0,0
0.23,2380,0,0,0
0.24,1990,0,0,0
0.24,1000,0,0,1
0.24,1480,0,0,0
0.24,1530,0,0,0
0.24,1800,0,0,0
0.24,1850,0,0,0
0.24,1540,0,0,0
0.25,2180,0,0,0
0.25,2500,0,0,0
0.25,1980,0,0,1
0.25,1850,0,0,0
0.25,2700,0,0,0
0.25,1900,0,0,0
0.25,3600,0,0,0
0.25,1800,0,0,0
0.25,2200,0,0,0
0.26,1690,0,0,0
0.26,1280,0,0,0
0.26,1400,0,0,0
0.26,1130,1,0,0
0.26,1180,1,0,0
0.26,1000,0,0,0
0.26,1990,0,0,0
0.26,1590,0,0,0
0.26,1790,0,0,0
0.26,1650,0,0,0
0.26,1890,0,0,0
0.26,1500,0,0,0
0.26,1250,0,0,0
0.26,1550,0,0,0
0.26,1420,1,0,0
0.26,1750,0,0,0
0.26,1200,0,0,0
0.26,1600,0,0,0
0.26,1700,0,0,0
0.26,1150,1,0,0
0.26,1450,0,0,1
0.26,1300,0,0,0
0.26,1330,0,0,0
0.26,1150,0,0,0
0.26,1450,1,0,0
0.26,2000,0,0,0
0.26,1010,0,0,0
0.27,1790,0,0,0
0.27,1600,0,0,0
0.27,1600,1,0,0
0.27,1500,0,0,0
0.27,1550,0,0,0
0.27,1450,0,0,0
0.27,1990,0,0,0
0.27,1680,0,0,0
0.27,1300,0,0,0
0.27,1400,0,0,0
0.27,1890,0,0,0
0.27,1200,0,0,0
0.27,1800,0,0,0
0.27,990,0,0,1
0.27,1700,0,0,0
0.27,1380,0,0,0
0.27,1850,0,0,0
0.27,1250,0,0,0
0.27,1590,0,0,0
0.27,2050,0,0,0
0.28,1490,0,0,1
0.28,1000,0,0,0
0.28,1350,0,0,0
0.28,1600,0,0,0
0.28,1500,0,0,0
0.28,1410,0,0,0
0.28,1380,0,0,0
0.29,2290,0,0,0
0.29,2520,0,0,0
0.29,2100,0,0,0
0.29,1850,1,0,0
0.29,2400,0,0,0
0.29,1980,1,0,0
0.29,1800,0,0,0
0.29,2000,0,0,0
0.29,2960,0,0,0
0.29,2200,0,0,0
0.29,1900,0,0,0
0.29,3000,0,0,0
0.29,1780,0,0,0
0.29,1850,0,0,0
0.29,2500,0,0,0
0.29,2200,1,0,0
0.29,2350,0,0,0
0.29,2850,0,0,0
0.29,1980,0,0,0
0.29,1550,0,0,1
0.31,2350,0,0,0
0.31,2990,0,0,0
0.31,1740,1,0,0
0.31,2450,0,0,0
0.31,2000,0,0,0
0.31,2700,0,0,0
0.31,2390,0,0,0
0.31,2850,0,0,0
0.31,2400,0,0,0
0.31,3090,0,0,0
0.31,1980,0,0,0
0.31,2600,0,0,0
0.31,2890,0,0,0
0.31,3190,0,0,0
0.31,2250,0,0,0
0.31,2200,0,0,1
0.31,1850,0,0,0
0.31,1680,0,0,0
0.31,2300,0,0,0
0.31,1800,0,0,0
0.31,3000,0,0,0
0.31,1950,1,0,0
0.31,1980,1,0,0
0.31,2550,0,0,0
0.31,2500,0,0,0
0.32,2890,0,0,0
0.32,2680,0,0,0
0.32,1980,0,0,1
0.32,3100,0,0,0
0.32,2990,0,0,0
0.32,3300,0,0,0
0.32,3500,0,0,0
0.32,3200,0,0,0
0.32,2180,0,0,0
0.32,2280,0,0,0
0.32,2690,0,0,0
0.32,3250,0,0,0
0.32,2900,0,0,0
0.32,2980,0,0,0
0.33,2680,0,0,0
0.33,2190,0,0,1
0.33,2690,0,0,0
0.34,2680,0,0,1
0.34,2250,0,0,0
0.34,2980,0,0,0
0.34,3100,0,0,0
0.34,3300,0,0,0
0.35,2990,0,0,0
0.35,3600,0,0,0
0.35,2680,0,0,0
0.35,3800,0,0,0
0.35,3180,0,0,0
0.35,3650,0,0,0
0.35,3700,0,0,0
0.35,4000,0,0,0
0.35,2650,0,0,0
0.35,2980,0,0,0
0.35,3500,0,0,1
0.36,2280,0,0,0
0.36,3500,0,0,0
0.36,2850,0,0,0
0.36,2050,0,0,1
0.36,3200,0,0,0
0.36,3590,0,0,0
0.36,2300,0,0,0
0.36,2790,0,0,0
0.36,2890,0,0,0
0.36,2900,0,0,0
0.36,3990,0,0,0
0.36,2990,0,0,0
0.36,2490,0,0,0
0.36,3300,0,0,0
0.36,2690,0,0,0
0.36,2950,0,0,0
0.37,1480,0,0,0
0.37,1750,0,0,0
0.37,1400,0,0,0
0.37,1790,0,0,0
0.37,1700,0,0,0
0.37,1500,0,0,0
0.37,1330,0,0,0
0.37,1990,0,0,0
0.37,1800,0,0,0
0.37,1900,0,0,0
0.37,1850,0,0,0
0.37,1520,0,0,0
0.37,1550,0,0,0
0.37,2000,0,0,0
0.37,1600,0,0,0
0.37,1890,0,0,0
0.37,1650,0,0,0
0.37,1490,0,0,0
0.37,2190,0,0,1
0.38,3400,0,0,0
0.38,2280,0,0,0
0.38,2850,0,0,0
0.38,3300,0,0,0
0.38,1250,0,0,1
0.38,2950,0,0,0
0.38,3590,0,0,0
0.38,3500,0,0,0
0.38,2490,0,0,0
0.38,2990,0,0,0
0.38,2900,0,0,0
0.38,3990,0,0,0
0.38,2790,0,0,0
0.38,2300,0,0,0
0.38,3900,0,0,0
0.38,2890,0,0,0
0.38,3200,0,0,0
0.38,2050,0,0,0
0.39,1590,0,0,0
0.39,990,0,0,0
0.39,1200,0,0,0
0.39,1250,0,0,0
0.39,1000,0,0,0
0.39,1300,0,0,0
0.39,1350,0,0,0
0.39,980,0,0,0
0.39,1400,0,0,0
0.39,1280,0,0,1
0.39,880,0,0,0
0.41,2500,0,0,0
0.41,2480,0,0,0
0.41,1990,0,0,1
0.41,2590,0,0,0
0.41,2090,0,0,0
0.41,2850,0,0,0
0.41,2000,0,0,0
0.41,2190,0,0,0
0.42,1990,0,0,0
0.42,1500,1,0,0
0.42,1480,0,0,0
0.42,2000,0,0,0
0.42,2200,0,0,0
0.42,2180,0,0,0
0.42,1750,0,0,0
0.42,2400,0,0,0
0.42,1900,0,0,0
0.42,1000,0,0,1
0.43,4050,0,0,1
0.43,7400,0,0,0
0.43,7450,0,0,0
0.43,7690,0,0,0
0.43,4980,0,0,0
0.43,8090,0,0,0
0.44,4990,0,0,0
0.44,4180,0,0,0
0.44,4380,0,0,0
0.44,3980,0,0,0
0.44,3250,0,0,0
0.44,4500,0,0,0
0.44,5190,0,0,0
0.44,6490,0,0,0
0.44,4980,0,0,0
0.44,3800,1,0,0
0.44,4800,0,0,0
0.44,4500,1,0,0
0.44,3900,0,0,1
0.44,4200,0,0,0
0.44,3950,1,0,0
0.44,3300,1,0,0
0.44,3240,0,0,0
0.44,3950,0,0,0
0.44,7800,0,0,0
0.44,3760,0,0,0
0.45,6990,0,0,0
0.45,6190,0,0,0
0.45,4240,0,0,0
0.45,3940,0,0,0
0.45,6700,0,0,0
0.45,4300,0,0,0
0.45,3950,0,0,0
0.45,6950,0,0,0
0.45,3980,1,0,0
0.45,4800,0,0,0
0.45,3900,0,0,0
0.45,6490,0,0,0
0.45,4400,0,0,0
0.45,4250,0,0,0
0.45,5600,0,0,0
0.45,4500,0,0,0
0.45,4980,0,0,0
0.45,4580,0,0,0
0.45,3840,0,0,0
0.45,6850,0,0,1
0.45,4990,0,0,0
0.45,6060,0,0,0
0.45,3750,0,0,0
0.46,2090,0,0,0
0.46,1990,0,0,0
0.46,1750,0,0,0
0.46,1250,0,0,0
0.46,1350,0,0,0
0.46,1800,0,0,0
0.46,1700,0,0,0
0.46,2990,0,0,0
0.46,2190,0,0,0
0.46,1550,0,0,0
0.46,1200,0,0,0
0.46,2100,0,0,0
0.46,1400,0,0,0
0.46,1500,0,0,0
0.46,1450,0,0,0
0.46,1850,0,0,0
0.46,1950,0,0,0
0.46,1240,0,0,1
0.46,1600,0,0,0
0.46,1900,0,0,0
0.46,1650,0,0,0
0.47,3190,0,0,0
0.47,1950,0,0,0
0.47,1700,0,0,0
0.47,2700,0,0,0
0.47,1900,0,0,0
0.47,1780,0,0,0
0.47,2200,0,0,0
0.47,2300,0,0,0
0.47,2600,0,0,0
0.47,2100,0,0,1
0.47,2990,0,0,0
0.47,2450,0,0,0
0.47,2580,0,0,0
0.47,2500,0,0,0
0.47,2000,0,0,0
0.47,2400,0,0,0
0.47,2250,0,0,0
0.47,1980,0,0,0
0.47,3290,0,0,0
0.47,2800,0,0,0
0.47,2540,0,0,0
0.47,1750,0,0,0
0.48,950,0,0,0
0.48,690,1,0,0
0.48,990,0,0,0
0.48,1690,0,0,0
0.48,1530,0,0,0
0.48,850,0,0,0
0.48,1000,0,0,0
0.48,790,0,0,0
0.48,1990,0,0,0
0.48,980,0,0,0
0.48,730,0,0,0
0.48,1600,0,0,0
0.48,1790,0,0,0
0.48,1390,0,0,0
0.48,800,1,0,0
0.48,1700,0,0,0
0.48,1750,0,0,0
0.48,900,0,0,0
0.48,900,1,0,0
0.48,1650,0,0,0
0.48,890,0,0,0
0.48,750,1,0,0
0.48,1300,0,0,1
0.48,950,1,0,0
0.48,990,1,0,0
0.48,750,0,0,0
0.48,790,1,0,0
0.48,800,0,0,0
0.48,950,0,0,0
0.48,1000,0,0,0
0.48,850,0,0,0
0.48,1690,0,0,0
0.48,790,0,0,0
0.48,690,1,0,0
0.48,790,1,0,0
0.48,900,0,0,0
0.48,800,0,0,0
0.48,1530,0,0,0
0.48,1200,0,0,0
0.48,900,1,0,0
0.48,800,1,0,0
0.48,1390,0,0,0
0.48,990,0,0,0
0.48,1990,0,0,0
0.48,950,1,0,0
0.48,990,1,0,0
0.48,750,0,0,0
0.48,980,0,0,0
0.48,750,1,0,0
0.48,890,0,0,0
0.48,1650,0,0,0
0.48,1790,0,0,0
0.48,1700,0,0,0
0.48,1750,0,0,0
0.48,1600,0,0,0
0.48,730,0,0,0
0.49,1980,0,0,0
0.49,2550,0,0,0
0.49,2400,0,0,0
0.49,2150,0,0,0
0.49,2250,0,0,0
0.49,2750,0,0,0
0.49,1800,0,0,0
0.49,2600,0,0,0
0.49,2300,0,0,1
0.49,2140,0,0,0
0.49,2500,0,0,0
0.49,2450,0,0,0
0.49,1780,0,0,0
0.49,2350,0,0,0
0.49,2100,0,0,0
0.49,2000,0,0,0
0.49,2650,0,0,0
0.51,1480,0,0,0
0.51,1600,0,0,0
0.51,1520,0,0,0
0.51,1450,0,0,0
0.51,1650,0,0,0
0.51,1500,0,0,0
0.51,1460,0,0,0
0.51,1700,0,0,0
0.51,1900,0,0,0
0.51,1800,0,0,0
0.51,1550,0,0,0
0.51,1300,0,0,1
0.52,2490,0,0,0
0.52,1950,0,0,1
0.52,1970,0,0,0
0.52,2000,0,0,0
0.52,2250,0,0,0
0.52,1990,0,0,0
0.52,2150,0,0,0
0.52,2700,0,0,0
0.52,2100,0,0,0
0.52,2600,0,0,0
0.52,1980,1,0,0
0.52,2650,0,0,0
0.52,2300,0,0,0
0.52,1980,0,0,0
0.52,2050,0,0,0
0.52,2200,0,0,0
0.53,4680,0,0,0
0.53,3980,0,0,0
0.53,4690,0,0,0
0.53,4700,0,0,0
0.53,4990,0,0,0
0.53,4790,0,0,0
0.53,2700,1,0,0
0.53,5000,0,0,0
0.53,4210,0,0,1
0.54,3300,0,0,0
0.54,4590,0,0,0
0.54,4050,0,0,0
0.54,2790,0,0,0
0.54,3980,0,0,0
0.54,3000,0,0,0
0.54,2900,1,0,0
0.54,4790,0,0,0
0.54,2500,0,0,1
0.54,2750,0,0,0
0.54,3900,0,0,0
0.54,2980,0,0,0
0.54,2700,0,0,0
0.54,4770,0,0,0
0.54,4450,0,0,0
0.54,4350,0,0,0
0.54,4380,0,0,0
0.54,4990,0,0,0
0.54,2990,0,0,0
0.55,5450,0,0,0
0.55,6500,0,0,0
0.55,4900,0,0,0
0.55,7900,0,0,0
0.55,7500,0,0,0
0.55,5480,0,0,0
0.55,4980,0,0,0
0.56,1890,0,0,0
0.56,1350,0,0,0
0.56,1990,0,0,0
0.56,1750,0,0,0
0.56,1950,0,0,0
0.56,900,0,0,0
0.56,1200,0,0,0
0.56,1550,0,0,0
0.56,1000,0,0,0
0.56,1650,0,0,0
0.56,1100,0,0,0
0.56,950,0,0,0
0.56,1250,0,0,0
0.56,1920,0,0,0
0.56,680,0,0,1
0.56,1400,0,0,0
0.56,1420,0,0,0
0.56,990,0,0,0
0.56,1690,0,0,0
0.57,7990,0,0,0
0.57,8980,0,0,0
0.57,5990,0,0,0
0.57,7890,0,0,0
0.57,11900,0,0,0
0.57,7580,0,0,0
0.57,8380,0,0,0
0.58,1690,0,0,0
0.58,1480,0,0,0
0.58,1580,0,0,0
0.58,1600,0,0,0
0.58,1750,0,0,0
0.58,1790,0,0,0
0.58,1990,0,0,0
0.58,1890,0,0,0
0.58,1550,0,0,0
0.58,1800,0,0,0
0.58,1650,0,0,0
0.58,1000,0,0,1
0.58,1950,0,0,0
0.58,1200,0,0,0
0.58,1700,0,0,0
0.58,1300,0,0,0
0.58,1720,0,0,0
0.59,6990,0,0,0
0.59,7500,0,0,0
0.59,6980,0,0,0
0.59,6980,1,0,0
0.59,6950,0,0,0
0.59,7490,0,0,0
0.59,7400,0,0,0
0.59,9350,0,0,0
0.59,7700,0,0,0
0.59,9000,0,0,0
0.59,6490,0,0,0
0.59,5490,0,0,1
0.59,9600,0,0,0
0.59,6500,1,0,0
0.59,5990,0,0,0
0.59,7200,0,0,0
0.61,5480,0,0,0
0.61,5180,0,0,0
0.61,5800,0,0,0
0.61,5790,0,0,0
0.61,4480,0,0,1
0.62,5990,0,0,0
0.62,6980,0,0,0
0.62,7280,0,0,0
0.62,7380,0,0,0
0.62,6980,1,0,0
0.62,5480,0,0,0
0.62,4980,0,0,1
0.62,6070,0,0,0
0.62,6480,1,0,0
0.62,5980,1,0,0
0.62,5980,0,0,0
0.63,2290,0,0,0
0.63,1990,0,0,0
0.63,2800,0,0,0
0.63,2000,0,0,0
0.63,2480,0,0,0
0.63,2480,1,0,0
0.63,1950,0,0,0
0.63,2400,0,0,0
0.63,2990,0,0,0
0.63,2300,0,0,0
0.63,3900,0,0,0
0.63,1850,0,0,0
0.63,2600,0,0,0
0.63,2550,0,0,0
0.63,2700,0,0,0
0.63,1980,0,0,0
0.63,1900,0,0,0
0.63,2500,0,0,0
0.63,2830,0,0,0
0.63,3000,0,0,0
0.63,2650,0,0,0
0.63,1880,1,0,0
0.63,1950,1,0,0
0.63,2350,0,0,0
0.63,2200,0,0,0
0.63,2230,0,0,0
0.64,2480,0,0,0
0.64,3350,0,0,0
0.64,2230,0,0,0
0.64,2990,0,0,0
0.64,2480,1,0,0
0.64,2700,0,0,0
0.64,2900,0,0,0
0.64,3160,0,0,0
0.64,3200,0,0,0
0.64,2350,0,0,0
0.64,2500,1,0,0
0.64,2980,0,0,0
0.64,2200,0,0,0
0.64,3250,0,0,0
0.64,2800,0,0,0
0.64,3100,0,0,0
0.64,2550,0,0,0
0.64,3900,0,0,0
0.64,3390,0,0,0
0.64,2590,0,0,0
0.64,3400,0,0,0
0.64,2500,0,0,0
0.64,1990,0,0,1
0.65,2780,0,0,0
0.65,2090,0,0,0
0.65,3200,0,0,0
0.65,2500,0,0,0
0.65,1980,1,0,1
0.65,1990,0,0,0
0.65,2300,1,0,0
0.65,1980,0,0,1
0.65,2000,0,0,0
0.65,2200,0,0,0
0.65,2700,0,0,0
0.65,2900,0,0,0
0.65,2950,0,0,0
0.65,3100,0,0,0
0.65,2250,0,0,0
0.65,2990,0,0,0
0.65,2800,0,0,0
0.66,2690,0,0,0
0.66,2980,0,0,0
0.66,3000,0,0,1
0.66,1980,1,0,0
0.66,2900,0,0,0
0.66,3200,0,0,0
0.66,2400,0,0,0
0.66,2590,0,0,0
0.66,2990,0,0,0
0.66,3500,0,0,1
0.66,1980,0,0,0
0.66,2250,0,0,0
0.66,3400,0,0,0
0.66,2500,0,0,0
0.66,3300,0,0,0
0.66,2300,1,0,0
0.66,2300,0,0,0
0.66,2400,1,0,0
0.66,2180,0,0,0
0.66,2200,0,0,0
0.66,2800,0,0,0
0.66,2680,0,0,0
0.67,4280,0,0,0
0.67,4260,0,0,0
0.67,3950,0,0,0
0.67,3990,0,0,0
0.67,4600,0,0,0
0.67,2580,0,0,1
0.68,3990,0,0,0
0.68,4190,0,0,0
0.68,3300,0,0,1
0.68,3800,0,0,0
0.69,3480,0,0,1
0.69,3980,1,0,0
0.69,4290,0,0,0
0.69,4400,0,0,0
0.69,5490,0,0,0
0.69,4500,0,0,0
0.71,4380,0,0,0
0.71,1980,0,0,1
0.72,950,0,0,0
0.72,1050,0,0,0
0.72,1150,0,0,0
0.72,1100,0,0,0
0.72,990,0,0,0
0.72,1190,0,0,0
0.72,1000,0,0,0
0.72,1490,0,0,0
0.72,1200,0,0,0
0.72,1170,0,0,0
0.72,1250,0,0,0
0.72,980,0,0,0
0.72,1350,0,0,0
0.72,900,0,0,0
0.72,1040,0,0,0
0.72,850,0,0,1
0.73,670,0,0,1
0.73,1350,0,0,0
0.73,900,0,0,0
0.73,1080,0,0,0
0.73,750,0,0,0
0.73,1200,0,0,0
0.73,1000,0,0,0
0.73,1050,0,0,0
0.73,980,0,0,0
0.73,1100,0,0,0
0.73,990,0,0,0
0.73,870,0,0,0
0.73,1300,0,0,0
0.73,1090,0,0,0
0.73,1180,0,0,0
0.73,1490,0,0,0
0.74,940,0,0,0
0.74,840,0,0,0
0.74,1100,0,0,0
0.74,1000,0,0,1
0.74,800,1,0,0
0.74,1150,0,0,0
0.74,1090,0,0,0
0.74,1200,0,0,0
0.74,750,0,0,0
0.74,990,0,0,0
0.74,1050,0,0,0
0.74,1190,0,0,0
0.74,950,0,0,0
0.74,890,0,0,0
0.74,1140,0,0,0
0.74,850,0,0,0
0.74,1390,0,0,0
0.74,790,0,0,0
0.74,1490,0,0,0
0.74,1500,0,0,0
0.75,2990,0,0,0
0.75,2780,0,0,0
0.75,2480,0,0,0
0.75,2980,0,0,0
0.75,2500,0,0,0
0.75,1990,0,0,0
0.75,2400,0,0,0
0.75,2700,0,0,0
0.75,2790,0,0,0
0.75,3500,0,0,0
0.75,2650,0,0,0
0.75,2800,0,0,0
0.75,2750,0,0,0
0.75,1980,0,0,0
0.75,2300,0,0,0
0.75,2600,0,0,0
0.75,2580,0,0,0
0.75,2190,0,0,0
0.75,4300,0,0,0
0.75,2230,0,0,0
0.76,2480,0,0,0
0.76,2230,0,0,0
0.76,2860,0,0,0
0.76,2190,0,0,0
0.76,2500,0,0,0
0.76,2300,0,0,1
0.76,1980,0,0,0
0.76,2400,0,0,0
0.76,2600,0,0,0
0.76,2580,0,0,0
0.76,1580,0,0,0
0.76,2990,0,0,0
0.76,2290,0,0,0
0.76,2650,0,0,0
0.76,1990,0,0,0
0.76,2900,0,0,0
0.76,2750,0,0,0
0.76,2890,0,0,0
0.76,3500,0,0,0
0.76,2700,0,0,0
0.77,2290,0,0,0
0.77,1980,1,0,1
0.77,2480,0,0,0
0.77,3070,0,0,0
0.77,1980,0,0,1
0.77,3500,0,0,0
0.77,2500,0,0,0
0.77,2000,0,0,0
0.78,2290,0,0,0
0.78,1980,1,0,0
0.78,1700,0,0,1
0.78,3070,0,0,0
0.78,2580,0,0,0
0.78,2990,0,0,0
0.78,3500,0,0,0
0.78,1980,0,0,0
0.78,2000,0,0,0
0.78,2480,0,0,0
0.78,2500,0,0,0
0.78,3300,0,0,0
0.78,2900,0,0,0
0.78,2400,0,0,0
0.78,2380,0,0,0
0.79,1250,0,0,0
0.79,1380,1,0,0
0.79,1290,0,0,0
0.79,990,0,0,1
0.79,1500,0,0,0
0.79,1100,1,0,0
0.79,1600,0,0,0
0.79,3200,0,0,0
0.79,1390,0,0,0
0.79,1900,0,0,0
0.79,1350,0,0,0
0.79,1300,0,0,0
0.79,1650,0,0,0
0.79,1700,0,0,0
0.79,990,1,0,1
0.79,1780,1,0,0
0.79,1380,0,0,0
0.79,1550,0,0,0
0.79,2000,0,0,0
0.79,1750,0,0,0
0.79,1280,1,0,0
0.79,1850,0,0,0
0.79,1200,0,0,0
0.81,2980,0,0,0
0.81,3190,0,0,0
0.81,4200,0,0,0
0.81,3480,1,0,0
0.81,4000,0,0,0
0.81,3050,0,0,0
0.81,3500,0,0,0
0.81,3700,0,0,0
0.81,3480,0,0,0
0.81,3090,0,0,0
0.81,3150,1,0,0
0.81,3180,1,0,0
0.81,2980,1,0,0
0.81,3600,0,0,0
0.81,3750,0,0,0
0.81,3800,0,0,0
0.81,3880,0,0,0
0.81,3290,0,0,0
0.81,3900,0,0,0
0.81,4250,0,0,0
0.81,3690,0,0,0
0.81,4300,0,0,0
0.82,980,0,0,0
0.82,1100,0,0,0
0.82,880,0,0,0
0.82,1190,0,0,0
0.82,1000,0,0,0
0.82,1140,0,0,0
0.82,950,0,0,0
0.82,1090,0,0,1
0.82,990,0,0,0
0.82,1180,0,0,0
0.82,1000,1,0,0
0.82,1200,0,0,0
0.82,1300,0,0,0
0.82,1480,0,0,0
0.82,850,0,0,0
0.82,1500,0,0,0
0.82,1990,0,0,0
0.83,990,0,0,0
0.83,1190,0,0,0
0.83,1000,0,0,0
0.83,1180,0,0,0
0.83,980,0,0,0
0.83,950,0,0,0
0.83,1790,0,0,0
0.83,1200,0,0,0
0.83,1990,0,0,0
0.83,1090,0,0,0
0.83,990,1,0,0
0.83,1000,1,0,0
0.83,1300,0,0,0
0.83,900,0,0,0
0.83,1150,0,0,0
0.83,1100,0,0,0
0.83,880,0,0,0
0.84,1180,0,0,0
0.84,1250,0,0,0
0.84,1300,0,0,0
0.84,1200,0,0,0
0.84,1350,0,0,0
0.84,1490,0,0,0
0.84,1450,0,0,0
0.84,1400,0,0,0
0.84,1500,0,0,0
0.84,1690,0,0,0
0.84,1390,0,0,0
0.84,1090,0,0,1
0.85,1300,0,0,0
0.85,1490,0,0,0
0.85,1400,0,0,0
0.85,1120,0,0,0
0.85,1200,0,0,0
0.85,1500,0,0,0
0.85,1690,0,0,0
0.85,1350,0,0,0
0.85,1390,0,0,0
0.85,1450,0,0,0
0.85,840,0,0,1
0.85,1150,0,0,0
0.85,1250,0,0,0
0.86,3590,0,0,0
0.86,4000,0,0,0
0.86,4250,0,0,0
0.86,4020,0,0,0
0.86,3500,0,0,0
0.86,3490,0,0,0
0.86,3990,0,0,0
0.86,5000,0,0,0
0.86,3800,0,0,0
0.86,2980,0,0,1
0.86,2980,1,0,1
0.86,3000,0,0,0
0.86,3350,0,0,0
0.86,3900,0,0,0
0.86,4500,0,0,0
0.86,3650,0,0,0
0.86,4080,0,0,0
0.86,3980,0,0,0
0.87,4100,0,0,0
0.87,4150,0,0,0
0.87,4000,0,0,0
0.87,3990,0,0,0
0.87,3980,0,0,0
0.87,4500,0,0,0
0.87,3600,0,0,0
0.87,3500,0,0,1
0.88,1590,0,0,0
0.88,1600,0,0,0
0.88,1300,0,0,0
0.88,800,0,0,0
0.88,1200,0,0,0
0.88,790,0,0,0
0.88,1290,0,0,0
0.88,1000,0,0,0
0.88,1400,0,0,0
0.88,990,0,0,0
0.88,900,0,0,0
0.88,750,0,0,0
0.88,650,0,0,1
0.89,1300,0,0,0
0.89,750,0,0,0
0.89,1200,0,0,0
0.89,1000,0,0,0
0.89,1050,0,0,0
0.89,800,0,0,0
0.89,1290,0,0,0
0.89,900,0,0,0
0.89,990,0,0,0
0.89,650,0,0,1
0.89,1400,0,0,0
0.89,1800,0,0,0
0.89,790,0,0,0
0.91,700,0,0,0
0.91,690,0,0,0
0.91,500,0,0,0
0.91,400,0,0,1
0.91,490,0,0,0
0.91,800,0,0,0
0.91,600,0,0,0
0.91,900,0,0,0
0.91,450,0,0,0
0.92,450,0,0,0
0.92,600,0,0,0
0.92,800,0,0,0
0.92,700,0,0,0
0.92,500,0,0,0
0.92,400,0,0,1
0.92,690,0,0,0
0.92,480,0,0,0
0.92,490,0,0,0
0.93,990,0,0,0
0.93,1000,0,0,0
0.93,600,0,0,0
0.93,400,0,0,1
0.93,500,0,0,0
0.93,490,0,0,0
0.93,800,0,0,0
0.93,450,0,0,0
0.94,1020,0,0,0
0.94,1400,0,0,0
0.94,1200,0,0,0
0.94,1170,0,0,0
0.94,1000,0,0,0
0.94,1300,0,0,0
0.94,1100,0,0,0
0.94,1050,0,0,0
0.94,1190,0,0,1
0.94,1150,0,0,0
0.94,990,0,0,0
0.94,1090,0,0,0
0.94,1080,0,0,0
0.94,980,0,0,0
0.94,1070,0,0,0
0.94,1290,0,0,0
0.94,1690,0,0,0
0.95,990,0,0,0
0.95,1200,0,0,0
0.95,800,0,0,0
0.95,1000,0,0,0
0.95,790,0,0,0
0.95,1300,0,0,0
0.95,1290,0,0,0
0.95,750,0,0,0
0.95,700,0,0,1
0.95,900,0,0,0
0.96,5500,0,0,0
0.96,5000,0,0,0
0.96,4950,0,0,1
0.96,6990,0,0,0
0.96,4980,0,0,0
0.96,7000,0,0,0
0.97,1600,0,0,0
0.97,1590,0,0,0
0.97,1200,0,0,0
0.97,800,0,0,0
0.97,1000,0,0,0
0.97,790,0,0,0
0.97,900,0,0,0
0.97,1290,0,0,0
0.97,750,0,0,0
0.97,990,0,0,0
0.97,700,0,0,0
0.97,1100,0,0,0
0.97,650,0,0,1
0.97,1300,0,0,0
0.98,4690,0,0,0
0.98,3980,0,0,0
0.98,3840,0,0,0
0.98,2550,0,0,0
0.98,3200,0,0,0
0.98,4990,0,0,0
0.98,2980,0,0,0
0.98,4550,0,0,0
0.98,2990,0,0,0
0.98,3080,0,0,0
0.98,3580,0,0,0
0.99,980,0,0,0
0.99,1290,0,0,1
0.99,960,0,0,0
0.99,880,0,0,0
0.99,1080,0,0,0
0.99,1100,0,0,0
0.99,900,0,0,0
0.99,1000,0,0,0
0.99,1390,0,0,0
0.99,1200,0,0,0
0.99,1030,0,0,0
0.99,790,0,0,0
0.99,1490,0,0,0
0.99,1050,0,0,0
0.101,4000,0,0,0
0.101,2980,0,0,0
0.101,2500,0,0,0
0.101,3990,0,0,0
0.101,3300,0,0,0
0.101,1980,0,0,1
0.101,2580,0,0,0
0.101,3980,0,0,0
0.102,10800,0,0,0
0.102,8640,0,0,0
0.102,9720,0,0,0
0.102,7990,0,0,1
0.102,9690,0,0,0
0.102,8690,0,0,0
0.102,8990,0,0,0
0.102,8900,0,0,0
0.102,9990,0,0,0
0.103,2100,0,0,0
0.103,3980,0,0,0
0.103,2190,0,0,0
0.103,3400,0,0,0
0.103,3300,0,0,0
0.103,3000,0,0,0
0.103,3580,0,0,0
0.104,920,0,0,0
0.104,990,0,0,0
0.104,800,0,0,0
0.104,600,0,0,1
0.104,640,0,0,0
0.104,790,0,0,0
0.104,950,0,0,0
0.104,1000,0,0,0
0.104,700,0,0,0
0.104,900,0,0,0
0.104,650,0,0,0
0.104,1100,0,0,0
0.104,750,0,0,0
0.105,3990,0,0,0
0.105,3980,0,0,1
0.105,3980,1,0,0
0.105,3190,0,0,0
0.105,4490,0,0,0
0.105,2650,0,0,0
0.105,3200,0,0,0
0.105,4390,0,0,0
0.106,4880,0,0,0
0.106,6090,0,0,0
0.106,5760,0,0,0
0.106,6000,0,0,0
0.106,5800,0,0,0
0.106,5990,0,0,0
0.106,5900,0,0,0
0.106,4260,0,0,1
0.106,6200,0,0,0
0.106,6220,0,0,0
0.106,5980,0,0,0
0.107,4990,0,0,0
0.107,5990,0,0,0
0.107,3840,0,0,0
0.107,3500,0,0,0
0.107,4850,0,0,0
0.107,4900,0,0,0
0.107,5840,0,0,0
0.107,3700,0,0,0
0.107,3800,0,0,0
0.107,4000,0,0,0
0.107,4500,0,0,0
0.107,4800,0,0,0
0.107,3300,0,0,1
0.108,1600,0,0,0
0.108,1000,0,0,0
0.108,1650,0,0,0
0.108,1800,0,0,0
0.108,1700,0,0,0
0.108,990,0,0,1
0.108,1690,0,0,0
0.108,1350,0,0,0
0.108,2000,0,0,0
0.109,2470,0,0,0
0.109,2380,0,0,0
0.109,1980,0,0,0
0.109,2490,0,0,0
0.109,2400,0,0,0
0.109,2200,0,0,0
0.109,2160,0,0,0
0.109,2000,0,0,0
0.109,2300,0,0,0
0.109,2140,0,0,0
0.109,2480,0,0,0
0.111,950,0,0,1
0.111,500,0,0,1
0.111,800,0,0,0
0.111,900,0,0,0
0.111,600,0,0,1
0.111,850,0,0,0
0.111,1200,0,0,0
0.111,990,0,0,0
0.111,1000,0,0,0
0.111,700,0,0,1
0.112,2490,0,0,0
0.112,2990,0,0,0
0.112,2500,0,0,0
0.112,2400,0,0,0
0.112,2700,0,0,0
0.112,1700,0,0,1
0.113,1580,0,0,0
0.113,1700,0,0,0
0.113,1990,0,0,0
0.113,1600,0,0,0
0.113,1420,0,0,0
0.113,1800,0,0,0
0.113,1400,0,0,1
0.113,1680,0,0,0
0.113,1790,0,0,0
0.113,2190,0,0,0
0.113,1590,0,0,0
0.113,1650,0,0,0
0.114,2310,0,0,0
0.114,1780,0,0,1
0.114,1790,0,0,0
0.114,2400,0,0,0
0.114,2490,0,0,0
0.114,2690,0,0,0
0.114,2200,0,0,0
0.114,1850,0,0,0
0.114,1800,0,0,0
0.114,1980,0,0,0
0.115,3360,0,0,0
0.115,3020,0,0,0
0.115,3200,0,0,0
0.115,3690,0,0,0
0.115,2790,0,0,1
0.115,1990,0,0,0
0.115,3290,0,0,0
0.115,3300,0,0,0
0.115,3780,0,0,0
0.115,3790,0,0,0
0.115,2990,0,0,0
0.115,2900,0,0,0
0.115,3000,1,0,0
0.115,3500,0,0,0
0.115,2800,0,0,0
0.115,3000,0,0,0
0.115,3180,0,0,0
0.115,3600,0,0,0
0.115,3890,0,0,0
0.115,3990,0,0,0
0.115,3630,0,0,0
0.115,2500,0,0,0
0.116,5380,0,0,1
0.117,1900,0,0,0
0.117,2000,0,0,0
0.117,1700,0,0,1
0.117,1980,0,0,0
0.117,2200,0,0,0
0.117,2300,0,0,0
0.117,1890,0,0,0
0.117,2100,0,0,0
0.117,1920,0,0,0
0.117,1950,0,0,0
0.117,2090,0,0,0
0.117,2020,0,0,0
0.117,1850,0,0,0
0.117,2010,0,0,0
0.117,1780,0,0,0
0.117,1800,0,0,0
0.118,1890,0,0,0
0.118,1900,0,0,0
0.118,1950,0,0,0
0.118,2200,0,0,0
0.118,1700,0,0,0
0.118,1980,0,0,0
0.118,2300,0,0,0
0.118,2000,0,0,0
0.118,2100,0,0,0
0.118,1920,0,0,0
0.118,2090,0,0,0
0.118,2020,0,0,0
0.118,1850,0,0,0
0.118,2250,0,0,0
0.118,1750,0,0,0
0.118,1800,0,0,0
0.118,2160,0,0,1
0.119,2490,0,0,0
0.119,3000,0,0,0
0.119,2890,0,0,0
0.119,2900,0,0,0
0.119,2480,0,0,1
0.119,2800,0,0,0
0.119,2600,0,0,0
0.119,3500,0,0,0
0.119,2990,0,0,0
0.119,2850,0,0,0
0.119,2950,0,0,0
0.119,3200,0,0,0
0.121,1680,0,0,0
0.122,2800,0,0,0
0.122,2990,0,0,0
0.122,3000,0,0,0
0.122,2940,0,0,0
0.122,2900,0,0,0
0.122,1400,0,0,1
0.123,2800,0,0,0
0.123,2700,0,0,0
0.123,3000,0,0,0
0.123,2990,0,0,0
0.123,2950,0,0,0
0.123,2900,0,0,0
0.123,2300,0,0,1
0.123,2600,0,0,0
0.123,2650,0,0,0
0.123,2890,0,0,0
0.123,2850,0,0,0
0.123,2750,0,0,0
0.124,2970,0,0,0
0.124,2180,0,0,1
0.124,3000,0,0,0
0.124,2900,0,0,0
0.125,4780,0,0,0
0.125,5000,0,0,0
0.125,4980,0,0,0
0.125,5600,0,0,0
0.125,3960,0,0,0
0.125,5500,0,0,0
0.125,5960,0,0,0
0.125,5160,0,0,0
0.125,4000,0,0,0
0.125,5040,0,0,0
0.125,5700,0,0,0
0.125,4800,0,0,0
0.125,4700,0,0,1
0.125,5800,0,0,0
0.125,5200,0,0,0
0.125,4900,0,0,0
0.125,5100,0,0,0
0.125,4950,0,0,0
0.125,5400,0,0,0
0.126,7650,0,0,0
0.126,8680,0,0,0
0.126,9800,0,0,0
0.126,8500,0,0,0
0.126,9980,0,0,0
0.126,6800,0,0,1
0.126,8580,0,0,0
0.126,7850,0,0,0
0.126,10000,0,0,0
0.127,3200,0,0,0
0.127,4000,0,0,0
0.127,2480,0,0,1
0.127,4200,0,0,0
0.127,3290,0,0,0
0.127,4100,0,0,0
0.127,3500,0,0,0
0.128,10600,0,0,0
0.128,10300,0,0,0
0.128,10690,0,0,0
0.128,12000,0,0,0
0.128,10990,0,0,0
0.128,11000,0,0,0
0.128,11800,0,0,0
0.128,11500,0,0,0
0.128,11300,0,0,0
0.128,9270,0,0,1
0.129,23800,0,0,0
0.129,23900,0,0,0
0.129,26500,0,0,0
0.129,22100,0,0,1
0.131,27500,0,0,0
0.131,15600,0,0,0
0.131,27590,0,0,0
0.131,27340,0,0,0
0.131,27940,0,0,0
0.131,30310,0,0,0
0.131,27550,0,0,0
0.131,14040,0,0,1
0.132,43900,0,0,0
0.132,54900,0,0,0
0.132,39510,0,0,0
0.132,49500,0,0,1
0.132,54950,0,0,0
0.133,6290,0,0,0
0.133,6280,0,0,0
0.133,5380,0,0,0
0.133,5000,0,0,0
0.133,3980,0,0,0
0.133,6200,0,0,0
0.133,4980,0,0,0
0.133,7500,0,1,1
0.133,6490,0,0,0
0.134,7980,0,0,0
0.134,6980,0,0,0
0.134,6500,0,0,1
0.134,6800,0,0,0
0.135,6980,0,0,0
0.135,6990,0,0,0
0.135,4980,1,0,0
0.135,6990,1,0,0
0.135,6450,0,0,0
0.135,8890,0,0,0
0.135,4180,1,0,1
0.136,4980,0,0,0
0.136,7650,0,0,0
0.136,6650,1,0,0
0.136,4650,1,0,0
0.136,7590,0,0,0
0.136,6500,0,0,0
0.136,6300,0,0,0
0.136,8300,0,0,0
0.136,6800,0,0,0
0.136,6000,0,0,0
0.136,5800,0,0,0
0.136,5300,0,0,0
0.136,7800,0,0,0
0.136,4480,0,0,1
0.136,7000,0,0,0
0.136,7660,0,0,0
0.136,7100,0,0,0
0.136,5000,0,0,0
0.137,2520,0,0,0
0.137,2550,0,0,0
0.137,2700,0,0,0
0.137,2600,0,0,0
0.137,2650,0,0,0
0.137,2500,0,0,0
0.137,2690,0,0,0
0.137,2630,0,0,0
0.137,2750,0,0,0
0.137,2400,0,0,0
0.137,2790,0,0,0
0.137,2800,0,0,1
0.137,2680,0,0,0
0.137,1980,0,0,0
0.137,2780,0,0,0
0.137,3040,0,0,0
0.138,2700,0,0,0
0.138,2550,0,0,0
0.138,2690,0,0,0
0.138,2800,0,0,0
0.138,2650,0,0,0
0.138,2600,0,0,0
0.138,2300,0,0,1
0.138,2480,0,0,0
0.139,2530,0,0,0
0.139,2550,0,0,0
0.139,2800,0,0,0
0.139,2250,0,0,1
0.139,2850,0,0,0
0.139,2650,0,0,0
0.139,2750,0,0,0
0.139,2350,0,0,0
0.139,2270,0,0,0
0.139,2690,0,0,0
0.139,2700,0,0,0
0.139,2570,0,0,0
0.139,2600,0,0,0
0.139,2580,0,0,0
0.139,2790,0,0,0
0.139,2400,0,0,0
0.139,2780,0,0,0
0.139,2670,0,0,0
0.139,2300,0,0,0
0.139,2590,0,0,0
0.139,2900,0,0,0
0.141,3380,0,0,0
0.141,2750,0,0,1
0.141,3400,0,0,0
0.141,2990,0,0,0
0.141,2800,0,0,0
0.141,2750,1,0,1
0.141,3600,0,0,0
0.141,3050,0,0,0
0.142,4600,0,0,0
0.142,2600,0,0,0
0.142,4720,0,0,0
0.142,2990,0,0,0
0.142,2480,0,0,1
0.142,4800,0,0,0
0.142,3850,0,0,0
0.142,5400,0,1,0
0.142,5000,0,0,0
0.142,5200,0,0,0
0.142,2600,1,0,0
0.142,4980,0,0,0
0.142,6900,0,0,0
0.142,3840,0,0,0
0.142,2800,0,0,0
0.142,2980,0,0,0
0.142,7400,0,0,0
0.142,6600,0,0,0
0.142,6500,0,0,0
0.142,5990,0,0,0
0.142,6300,0,0,0
0.142,6800,0,0,0
0.142,5850,0,0,0
0.143,3980,0,0,0
0.143,3120,0,0,1
0.143,3500,0,0,0
0.143,3600,0,0,0
0.143,4500,0,0,0
0.143,3650,0,0,0
0.143,3990,0,0,0
0.143,4000,0,0,0
0.143,3890,0,0,0
0.143,3780,0,0,0
0.143,3790,0,0,0
0.143,3900,0,0,0
0.143,3800,0,0,0
0.143,4150,0,0,0
0.143,3550,0,0,0
0.143,3750,0,0,0
0.143,4200,0,0,0
0.143,3850,0,0,0
0.143,3950,0,0,0
0.143,7350,0,0,0
0.143,3400,0,0,0
0.143,6600,0,0,0
0.143,7250,0,0,0
0.143,7190,0,0,0
0.143,6800,0,0,0
0.143,5940,0,0,0
0.143,7390,0,0,0
0.143,7400,0,0,0
0.143,7600,0,0,0
0.143,7500,0,0,0
0.143,6950,0,0,0
0.143,7700,0,0,0
0.143,7300,0,0,0
0.143,7650,0,0,0
0.143,7290,0,0,0
0.143,7200,0,0,0
0.143,7550,0,0,0
0.143,6890,0,0,1
0.143,6900,0,0,0
0.143,7490,0,0,0
0.143,8400,0,0,0
0.144,3700,0,0,0
0.144,3990,0,0,0
0.144,3150,0,0,1
0.144,3600,0,0,0
0.144,3950,0,0,0
0.144,4000,0,0,0
0.144,3800,0,0,0
0.144,4980,0,0,0
0.144,3950,0,0,1
0.144,5480,0,0,0
0.144,4950,0,0,0
0.144,5230,0,0,0
0.144,4990,0,0,0
0.144,5700,0,0,0
0.144,5400,0,0,0
0.144,5800,0,0,0
0.144,5450,0,0,0
0.144,5100,0,0,0
0.145,3280,0,0,0
0.145,3800,0,0,0
0.145,2990,0,0,0
0.145,1980,0,0,1
0.145,3400,0,0,0
0.145,3500,0,0,0
0.145,2800,0,0,0
0.145,3450,0,0,0
0.145,2900,0,0,0
0.146,6590,0,0,0
0.146,5880,0,0,0
0.146,6890,0,0,0
0.146,6600,0,0,0
0.146,6300,0,0,0
0.146,6990,0,0,0
0.146,6690,0,0,0
0.146,5850,0,0,0
0.146,7500,0,0,0
0.146,4380,0,0,1
0.146,6790,0,0,0
0.146,6350,0,0,0
0.146,6850,0,0,0
0.146,6910,0,0,0
0.147,2490,0,0,0
0.147,2650,0,0,0
0.147,2990,0,0,0
0.147,2600,0,0,0
0.147,2690,0,0,0
0.147,1900,0,0,1
0.147,2950,0,0,0
0.147,2980,0,0,0
0.147,2350,0,0,0
0.147,2890,0,0,0
0.147,2590,0,0,0
0.147,2500,0,0,0
0.147,2790,0,0,0
0.147,2750,0,0,0
0.148,4680,0,0,0
0.148,3200,0,0,1
0.148,4780,0,0,0
0.148,4250,0,0,0
0.148,4500,0,0,0
0.149,2990,0,0,0
0.149,2450,0,0,0
0.149,2000,0,0,1
0.149,1750,0,0,0
0.149,1980,0,0,0
0.149,2190,0,0,0
0.149,1990,0,0,0
0.149,2500,0,0,0
0.149,1490,0,0,0
0.149,2890,0,0,0
0.149,2800,0,0,0
0.149,2600,0,0,0
0.149,2250,0,0,0
0.149,2490,0,0,0
0.149,3090,0,0,0
0.149,1590,0,0,0
0.149,1100,0,0,0
0.151,2490,0,0,0
0.151,1980,0,0,0
0.151,2070,0,0,0
0.151,2990,0,0,0
0.151,1500,0,0,1
0.151,2800,0,0,0
0.151,2000,0,0,0
0.151,2050,0,0,0
0.151,2500,0,0,0
0.151,2400,0,0,0
0.152,2580,0,0,0
0.152,2990,0,0,0
0.152,2100,0,0,0
0.152,1750,0,0,0
0.152,2800,0,0,0
0.152,1500,0,0,1
0.152,2200,0,0,0
0.152,2000,0,0,0
0.152,2850,0,0,0
0.152,3500,0,0,0
0.152,2500,0,0,0
0.153,4490,0,0,1
0.153,6500,0,0,0
0.153,6980,0,0,0
0.153,4980,0,0,0
0.153,4990,0,0,0
0.153,6990,0,0,0
0.153,5990,0,0,0
0.153,4680,0,0,0
0.154,3180,0,0,0
0.154,3280,0,0,0
0.154,2200,0,0,1
0.154,3450,0,0,0
0.154,3100,0,0,0
0.154,2890,0,0,0
0.154,3200,0,0,0
0.154,3230,0,0,0
0.155,2150,0,0,0
0.155,1350,0,0,0
0.155,1580,0,0,0
0.155,1990,0,0,0
0.155,1250,0,0,1
0.155,1980,0,0,0
0.155,2000,0,0,0
0.155,2200,0,0,0
0.155,1730,0,0,0
0.156,3990,0,0,0
0.156,3490,0,0,0
0.156,1980,0,0,0
0.156,3580,0,0,0
0.156,2980,0,0,0
0.156,2480,0,0,0
0.156,2500,0,0,0
0.156,3590,0,0,0
0.156,3350,0,0,0
0.156,2650,0,0,0
0.156,3330,0,0,0
0.156,2990,0,0,0
0.156,2550,0,0,0
0.156,2000,0,0,0
0.156,3690,0,0,0
0.156,3390,0,0,0
0.156,1950,1,0,0
0.156,3000,0,0,0
0.156,3500,0,0,0
0.156,2150,0,0,0
0.156,2700,0,0,1
0.156,2890,0,0,0
0.156,3660,0,0,0
0.156,2900,0,0,0
0.156,3150,0,0,0
0.156,2200,0,0,0
0.156,2600,0,0,0
0.156,2700,1,0,0
0.156,2400,0,0,0
0.157,2990,0,0,0
0.157,2600,0,0,0
0.157,2300,0,0,0
0.157,2900,0,0,0
0.157,2750,0,0,0
0.157,2700,0,0,0
0.157,3250,0,0,0
0.157,2500,0,0,0
0.157,2800,0,0,0
0.157,2350,0,0,0
0.157,3290,0,0,0
0.157,2780,0,0,0
0.157,3000,0,0,0
0.157,2400,0,0,0
0.158,3390,0,0,0
0.158,3250,0,0,0
0.158,2650,1,0,0
0.158,3580,0,0,0
0.158,3800,0,0,0
0.158,4000,0,0,0
0.158,3550,0,0,0
0.158,3530,0,0,0
0.158,3500,0,0,0
0.158,3950,0,0,0
0.158,3900,0,0,0
0.158,2900,0,0,0
0.158,3250,1,0,0
0.158,2600,0,0,1
0.158,3400,0,0,0
0.158,3700,0,0,0
0.158,3290,1,0,0
0.158,2920,0,0,0
0.159,3690,0,0,0
0.159,3630,0,0,0
0.159,3490,0,0,0
0.159,2900,0,0,0
0.159,2700,0,0,0
0.159,2490,0,0,0
0.159,2800,0,0,0
0.159,3300,0,0,0
0.159,2500,0,0,0
0.159,3200,0,0,0
0.159,2150,0,0,0
0.159,3400,0,0,0
0.159,3590,0,0,0
0.159,3100,0,0,0
0.159,3000,0,0,0
0.159,2180,0,0,0
0.159,1700,0,0,1
0.159,3450,0,0,0
0.159,3990,0,0,0
0.159,2790,0,0,0
0.161,1390,0,0,0
0.161,1290,0,0,0
0.161,990,0,0,1
0.161,1450,0,0,0
0.161,2150,0,0,0
0.161,1460,0,0,0
0.161,1420,0,0,0
0.161,1200,0,0,0
0.161,1100,0,0,0
0.161,1110,0,0,0
0.161,1800,0,0,0
0.162,1990,0,0,0
0.162,2180,0,0,0
0.162,1980,0,0,0
0.162,2500,0,0,0
0.162,2300,0,0,0
0.162,1790,0,0,0
0.162,2600,0,0,0
0.162,2990,0,0,0
0.162,2290,0,0,0
0.162,1600,0,0,1
0.162,2390,0,0,0
0.162,2150,0,0,0
0.162,2700,0,0,0
0.162,2000,0,0,0
0.162,2550,0,0,0
0.163,14900,0,0,1
0.163,9900,0,0,0
0.163,14990,0,0,0
0.163,10900,0,0,0
0.164,3090,0,0,0
0.164,2800,0,0,0
0.164,2450,0,0,0
0.164,2600,0,0,0
0.164,2850,0,0,0
0.164,1950,1,0,1
0.164,2990,0,0,0
0.164,2580,0,0,0
0.164,2200,0,0,0
0.164,2500,0,0,0
0.164,2750,0,0,0
0.164,2950,0,0,0
0.164,3210,0,0,0
0.164,2300,0,0,0
0.164,2900,0,0,0
0.164,2550,0,0,0
0.164,3300,0,0,0
0.164,3000,0,0,0
0.164,3050,0,0,0
0.164,2400,0,0,0
0.164,3290,0,0,0
0.164,3600,0,0,0
0.164,2980,0,0,0
0.164,3100,0,0,0
0.164,2650,0,0,0
0.164,3190,0,0,0
0.164,1980,0,0,0
0.164,7990,0,0,0
0.164,8090,0,0,0
0.164,7680,0,0,0
0.164,6880,0,0,1
0.164,7790,0,0,0
0.164,8400,0,0,0
0.164,8250,0,0,0
0.164,7780,0,0,0
0.164,8500,0,0,0
0.164,7850,0,0,0
0.164,8390,0,0,0
0.164,7300,0,0,0
0.164,7640,0,0,0
0.164,6910,0,0,0
0.165,2890,0,0,0
0.165,2600,0,0,0
0.165,2300,0,0,0
0.165,2990,0,0,0
0.165,1900,0,0,0
0.165,1500,0,0,0
0.165,1000,0,0,1
0.165,2200,0,0,0
0.165,1980,0,0,0
0.165,2000,0,0,0
0.165,1950,0,0,0
0.165,2100,0,0,0
0.165,2800,0,0,0
0.165,1750,0,0,0
0.165,2020,0,0,0
0.165,1800,0,0,0
0.165,1700,0,0,0
0.166,7990,0,0,0
0.166,4990,0,0,0
0.166,4980,1,0,0
0.166,8390,0,0,0
0.166,6000,0,0,0
0.166,5800,0,0,0
0.166,7800,0,0,0
0.166,4880,1,0,1
0.166,4500,0,0,0
0.166,4600,0,0,0
0.166,6500,0,0,0
0.166,5950,0,0,0
0.166,6150,0,0,0
0.166,4990,1,0,0
0.166,7790,1,0,0
0.167,2290,0,0,0
0.167,1250,0,0,0
0.167,2000,0,0,0
0.167,990,0,0,1
0.167,1260,0,0,0
0.167,1090,0,0,0
0.167,2200,0,0,0
0.167,2400,0,0,0
0.167,2300,0,0,0
0.167,1550,0,0,0
0.167,1590,0,0,0
0.167,2150,0,0,0
0.167,1190,0,0,0
0.167,2390,0,0,0
0.168,4080,0,0,0
0.168,4790,0,0,0
0.168,4100,0,0,0
0.168,3990,0,0,0
0.168,4590,0,0,0
0.168,4640,0,0,0
0.168,4990,0,0,0
0.168,3880,0,0,1
0.168,4690,0,0,0
0.168,4600,0,0,0
0.168,4890,0,0,0
0.168,4200,0,0,0
0.169,6290,0,0,0
0.169,5480,0,0,0
0.169,6300,0,0,0
0.169,6080,0,0,0
0.169,5500,0,0,0
0.169,5300,0,0,0
0.169,7400,0,0,0
0.169,6400,0,0,0
0.169,6590,0,0,0
0.169,5990,0,0,0
0.169,6200,0,0,0
0.169,6390,0,0,0
0.169,6600,0,0,0
0.169,6490,0,0,0
0.169,6700,0,0,0
0.169,6050,0,0,0
0.169,6500,0,0,0
0.169,5900,0,0,1
0.169,7200,0,0,0
0.169,7300,0,0,0
0.169,5800,0,0,0
0.169,5600,0,0,0
0.169,6580,0,0,0
0.169,6800,0,0,0
0.169,5400,0,0,0
0.169,5550,0,0,0
0.169,6000,0,0,0
0.169,4930,0,0,0
0.169,6950,0,0,0
0.171,14200,0,0,0
0.171,12780,0,0,0
0.171,10900,0,0,0
0.171,10000,0,0,0
0.171,14950,0,0,0
0.171,14200,0,1,1
0.171,13700,0,0,0
0.171,7100,0,0,1
0.171,14800,0,0,0
0.171,14600,0,0,0
0.171,18990,0,0,0
0.171,13800,0,0,0
0.171,14500,0,0,0
0.171,13000,0,0,0
0.171,12000,0,0,0
0.171,9900,0,0,0
0.171,14980,0,0,0
0.171,9800,0,0,0
0.171,15900,0,0,0
0.171,8200,0,0,0
0.171,21000,0,0,0
0.171,13480,0,0,0
0.172,14700,0,0,0
0.172,14900,0,0,0
0.172,15390,0,0,0
0.172,15000,0,0,0
0.172,12800,0,0,0
0.172,14500,0,0,0
0.172,9550,0,0,0
0.172,12590,0,0,0
0.172,17000,0,0,0
0.172,8000,0,0,0
0.172,11800,0,0,0
0.172,8800,0,0,1
0.172,12700,0,0,0
0.172,16500,0,0,0
0.172,11000,0,0,0
0.172,13900,0,0,0
0.172,9500,0,0,0
0.172,15300,0,0,0
0.172,16000,0,0,0
0.172,15400,0,0,0
0.172,17500,0,0,0
0.172,10000,0,0,0
0.172,15180,0,0,0
0.172,11500,0,0,0
0.172,9000,0,0,0
0.172,15380,0,0,0
0.172,13230,0,0,0
0.173,18980,0,0,1
0.173,19990,0,0,0
0.174,1800,0,0,0
0.174,2290,0,0,0
0.174,1990,0,0,0
0.174,1980,0,0,0
0.174,1500,0,0,0
0.174,1600,0,0,0
0.174,2180,0,0,0
0.174,2400,0,0,0
0.174,1300,0,0,0
0.174,1200,0,0,0
0.174,1950,1,0,0
0.174,2100,0,0,0
0.174,1770,0,0,0
0.174,2000,0,0,0
0.174,1600,1,0,0
0.174,800,0,0,1
0.175,1870,0,0,0
0.175,2200,0,0,0
0.175,2350,0,0,0
0.175,1500,0,0,1
0.175,2300,0,0,0
0.175,1700,0,0,0
0.175,2000,0,0,0
0.175,1900,0,0,0
0.175,1600,0,0,0
0.175,2020,0,0,0
0.175,1890,0,0,0
0.176,1990,0,0,0
0.176,1580,0,0,0
0.176,1800,0,0,0
0.176,1230,0,0,0
0.176,1490,0,0,0
0.176,1700,0,0,0
0.176,1630,0,0,0
0.176,1200,0,0,0
0.176,1740,0,0,0
0.176,1380,0,0,0
0.176,1750,1,0,0
0.176,1980,0,0,0
0.176,1950,0,0,0
0.176,2000,0,0,0
0.176,1500,0,0,0
0.176,2180,0,0,0
0.176,1400,0,0,0
0.176,1350,0,0,0
0.176,2190,0,0,0
0.176,2800,0,0,0
0.176,2030,0,0,0
0.176,1590,0,0,0
0.176,1900,0,0,0
0.176,2100,0,0,0
0.176,2200,0,0,1
0.177,3100,0,0,0
0.177,3290,0,0,0
0.177,2980,0,0,0
0.177,3500,0,0,0
0.177,3200,0,0,0
0.177,3390,0,0,0
0.177,3350,0,0,0
0.177,3300,0,0,0
0.177,3190,0,0,0
0.177,3800,0,0,0
0.177,3490,0,0,0
0.177,3260,0,0,0
0.177,3150,0,0,0
0.177,3400,0,0,0
0.177,2680,0,0,1
0.178,1960,0,0,1
0.178,3000,0,0,0
0.178,2990,0,0,0
0.178,2480,1,0,0
0.178,1980,1,0,0
0.178,2350,0,0,0
0.178,2500,0,0,0
0.178,2700,0,0,0
0.178,2900,0,0,0
0.178,3800,0,0,0
0.178,2950,0,0,0
0.178,2880,0,0,0
0.178,2300,0,0,0
0.178,2600,0,0,0
0.178,2550,0,0,0
0.178,3090,0,0,0
0.178,3100,0,0,0
0.178,3200,0,0,0
0.178,2390,0,0,0
0.178,2970,0,0,0
0.178,3140,0,0,0
0.178,2180,1,0,0
0.178,2800,0,0,0
0.179,4250,0,0,0
0.179,4100,0,0,0
0.179,3990,0,0,0
0.179,3200,0,0,0
0.179,4300,0,0,0
0.179,3450,0,0,0
0.179,6000,0,0,0
0.179,4380,0,0,0
0.179,4470,0,0,0
0.179,4500,0,0,0
0.179,4200,0,0,0
0.179,3600,0,0,0
0.179,4600,0,0,1
0.179,2950,0,0,0
0.179,4000,0,0,0
0.179,3800,0,0,0
0.179,4350,0,0,0
0.179,3000,0,0,0
0.181,8900,0,0,0
0.181,11500,0,0,0
0.181,4990,0,0,0
0.181,10490,0,0,0
0.181,9400,0,0,0
0.181,4800,0,0,1
0.181,10400,0,0,0
0.181,11100,0,0,0
0.181,10000,0,0,0
0.181,9990,0,0,0
0.181,10500,0,0,0
0.181,8390,0,0,0
0.181,6500,0,0,0
0.182,7490,0,0,0
0.182,7050,0,0,0
0.182,6700,0,0,0
0.182,7200,0,0,0
0.182,4680,0,0,0
0.182,4200,0,0,0
0.182,5400,0,0,0
0.182,6850,0,0,0
0.182,6200,0,0,0
0.182,7500,0,0,0
0.182,7690,0,0,0
0.182,5990,0,0,0
0.182,6500,0,0,0
0.182,7000,0,0,0
0.182,4150,0,0,1
0.182,9800,0,0,0
0.182,7990,0,0,0
0.182,7250,0,0,0
0.182,6900,0,0,0
0.182,5700,1,0,0
0.182,6800,0,0,0
0.182,4300,0,0,0
0.182,4800,0,0,0
0.182,6000,0,0,0
0.183,7330,0,0,0
0.183,6700,0,0,0
0.183,6080,0,0,0
0.183,6990,0,0,0
0.183,3980,0,0,1
0.183,6250,0,0,0
0.183,6400,0,0,0
0.183,8500,0,0,0
0.183,4800,0,0,0
0.183,4700,0,0,0
0.183,7450,0,0,0
0.183,7530,0,0,0
0.183,6900,0,0,0
0.183,6590,0,0,0
0.183,7490,0,0,0
0.183,7700,0,0,0
0.183,6300,0,0,0
0.183,7300,0,0,0
0.183,6640,0,0,0
0.183,7690,0,0,0
0.183,6800,0,0,0
0.183,7900,0,0,0
0.183,5900,0,0,0
0.183,6600,0,0,0
0.183,7800,0,0,0
0.183,4600,0,0,0
0.183,8000,0,0,0
0.183,5200,0,0,0
0.183,7350,0,0,0
0.183,5400,0,0,0
0.183,7200,0,0,0
0.183,6950,0,0,0
0.183,7600,0,0,0
0.183,7500,0,0,0
0.183,7250,0,0,0
0.183,6500,0,0,0
0.184,5300,0,0,0
0.184,4990,0,0,0
0.184,4500,0,0,0
0.184,4600,0,0,0
0.184,3980,0,0,0
0.184,5100,0,0,0
0.184,5000,0,0,0
0.184,4200,0,0,0
0.184,2950,0,0,1
0.184,4650,0,0,0
0.184,4900,0,0,0
0.184,5500,0,0,0
0.184,5200,0,0,0
0.184,4800,0,0,0
0.184,4700,0,0,0
0.184,5250,0,0,0
0.184,7400,0,0,0
0.184,3580,0,0,0
0.184,3990,0,0,0
0.184,4980,0,0,0
0.185,5090,0,0,0
0.185,4990,0,0,0
0.185,5100,0,0,0
0.185,4700,0,0,0
0.185,5400,0,0,0
0.185,4950,0,0,0
0.185,5150,0,0,0
0.185,5200,0,0,0
0.185,4850,0,0,0
0.185,4500,0,0,1
0.185,5500,0,0,0
0.185,4900,0,0,0
0.185,5300,0,0,0
0.185,4800,0,0,0
0.186,2960,0,0,0
0.186,4500,0,0,1
0.186,4490,0,0,0
0.186,4700,0,0,0
0.186,2950,1,0,0
0.186,3800,0,0,0
0.186,3950,0,0,0
0.186,4300,0,0,0
0.186,3900,0,0,0
0.186,4200,0,0,0
0.186,3700,0,0,0
0.186,4330,0,0,0
0.186,2980,1,0,0
0.186,2660,0,0,0
0.186,4350,0,0,0
0.186,4100,0,0,0
0.186,4400,0,0,0
0.186,4800,0,0,0
0.186,4600,0,0,0
0.186,4000,0,0,0
0.186,4710,0,0,0
0.186,4150,0,0,0
0.186,3980,0,0,0
0.186,4590,0,0,0
0.186,3700,1,0,0
0.186,4390,0,0,0
0.186,4990,0,0,0
0.186,5000,0,0,0
0.186,3590,0,0,0
0.186,4890,0,0,0
0.186,3180,1,0,0
0.186,4550,0,0,0
0.187,3630,0,0,0
0.187,4390,0,0,0
0.187,4450,0,0,0
0.187,4290,0,0,0
0.187,4300,0,0,0
0.187,3800,0,0,0
0.187,4050,0,0,0
0.187,4490,0,0,0
0.187,4500,0,0,0
0.187,4570,0,0,0
0.187,3900,0,0,0
0.187,4600,0,0,0
0.187,4000,0,0,0
0.187,3350,0,0,0
0.187,4100,0,0,1
0.187,3980,0,0,0
0.187,4150,0,0,0
0.187,3950,0,0,0
0.187,3700,0,0,0
0.187,3600,0,0,0
0.187,3750,0,0,0
0.188,5990,0,0,0
0.188,5500,0,0,0
0.188,4500,1,0,0
0.188,5100,0,0,0
0.188,6300,0,0,0
0.188,5800,0,0,0
0.188,5900,0,0,0
0.188,3900,0,0,1
0.188,5750,0,0,0
0.188,5850,0,0,0
0.188,5870,0,0,0
0.188,5600,0,0,0
0.188,5550,0,0,0
0.189,4400,0,0,0
0.189,4580,0,0,0
0.189,5130,0,0,0
0.189,4450,0,0,0
0.189,5150,0,0,0
0.189,4990,0,0,0
0.189,3680,0,0,0
0.189,5490,0,0,0
0.189,3980,0,0,0
0.189,5450,0,0,0
0.189,5400,0,0,0
0.189,4900,0,0,0
0.189,4390,0,0,0
0.189,5190,0,0,0
0.189,4440,0,0,0
0.189,5250,0,0,0
0.189,5300,0,0,0
0.189,2960,0,0,1
0.189,5290,0,0,0
0.189,3500,0,0,0
0.189,4490,0,0,0
0.189,5200,0,0,0
0.189,4600,0,0,0
0.189,4700,0,0,0
0.189,4250,0,0,0
0.189,3600,0,0,0
0.189,4280,0,0,0
0.189,4350,0,0,0
0.189,4300,0,0,0
0.189,4750,0,0,0
0.189,5000,0,0,0
0.189,4800,0,0,0
0.189,4120,0,0,0
0.189,4500,0,0,0
0.189,3800,0,0,0
0.189,4000,0,0,0
0.189,4280,1,0,0
0.189,4710,0,0,0
0.191,25800,0,0,0
0.191,27900,0,0,0
0.191,29000,0,0,1
0.191,24000,0,0,0
0.191,16900,0,0,0
0.191,23220,0,0,0
0.192,18000,0,0,0
0.192,20880,0,0,0
0.192,22900,0,0,0
0.192,19990,0,0,0
0.192,18400,0,0,0
0.192,19900,0,0,0
0.192,19000,0,0,0
0.192,17500,0,0,0
0.192,17000,0,0,1
0.192,19800,0,0,0
0.192,19500,0,0,0
0.192,20000,0,0,0
0.193,3690,0,0,0
0.193,3490,0,0,0
0.193,3300,0,0,0
0.193,2800,0,0,0
0.193,3390,0,0,0
0.193,4000,0,0,0
0.193,3600,0,0,0
0.193,3800,0,0,0
0.193,3200,0,0,0
0.193,3500,0,0,0
0.193,1800,0,0,1
0.193,3820,0,0,0
0.193,3700,0,0,0
0.193,4650,0,0,0
0.193,3780,0,0,0
0.193,3650,0,0,0
0.193,3450,0,0,0
0.193,3550,0,0,0
0.193,3750,0,0,0
0.193,3400,0,0,0
0.193,3850,0,0,0
0.193,2970,0,0,0
0.194,1580,0,0,0
0.194,2000,0,0,0
0.194,1420,0,0,1
0.194,1790,0,0,0
0.194,1630,0,0,0
0.194,1700,0,0,0
0.194,1950,0,0,0
0.194,1800,0,0,0
0.194,1990,0,0,0
0.194,2200,0,0,0
0.194,2100,0,0,0
0.194,1980,0,0,0
0.194,1900,0,0,0
0.194,2050,0,0,0
0.194,3500,0,0,0
0.194,2480,0,0,0
0.194,1890,0,0,0
0.194,2300,0,0,0
0.194,1680,0,0,0
0.194,1830,0,0,0
0.194,1690,0,0,0
0.194,1650,0,0,0
0.195,1450,0,0,0
0.195,2000,0,0,0
0.195,1650,0,0,0
0.195,1370,0,0,0
0.195,1530,0,0,0
0.195,2100,0,0,0
0.195,1480,0,0,1
0.196,1550,0,0,0
0.196,1500,0,0,0
0.196,1700,0,0,0
0.196,1600,0,0,0
0.196,1460,0,0,0
0.196,1470,0,0,0
0.196,1950,0,0,0
0.196,1750,0,0,0
0.196,1800,0,0,0
0.196,2200,0,0,0
0.196,1450,0,0,0
0.196,2000,0,0,0
0.196,1900,0,0,0
0.196,1510,0,0,0
0.196,1380,0,0,1
0.197,1980,0,0,0
0.197,2200,0,0,0
0.197,2700,0,0,0
0.197,2500,0,0,0
0.197,2300,0,0,0
0.197,2650,0,0,0
0.197,2400,0,0,0
0.197,1570,0,0,1
0.197,2800,0,0,0
0.197,2150,0,0,0
0.197,1950,0,0,0
0.197,2600,0,0,0
0.197,2000,0,0,0
0.197,2460,0,0,0
0.197,2050,0,0,0
0.197,2350,0,0,0
0.198,1250,0,0,0
0.198,1160,0,0,0
0.198,1500,0,0,0
0.198,950,0,0,1
0.198,1180,0,0,0
0.198,1750,0,0,0
0.198,1650,0,0,0
0.198,1800,0,0,0
0.198,1850,0,0,0
0.198,1400,0,0,0
0.198,1300,0,0,0
0.198,1200,0,0,0
0.199,3980,0,0,0
0.199,3580,0,0,0
0.199,2950,1,0,1
0.199,4600,0,0,0
0.199,4750,0,0,0
0.199,3900,0,0,0
0.199,4280,0,0,0
0.199,5000,0,0,0
0.199,4800,0,0,0
0.199,4980,0,0,0
0.199,4000,0,0,0
0.199,4500,0,0,0
0.201,4590,0,0,0
0.201,3980,0,0,0
0.201,2850,1,0,0
0.201,3900,0,0,0
0.201,4400,0,0,0
0.201,4890,0,0,0
0.201,4000,0,0,0
0.201,2950,1,0,0
0.201,3200,0,0,0
0.201,3850,0,0,0
0.201,3750,0,0,0
0.201,4200,0,0,0
0.201,4600,0,0,0
0.201,3700,0,0,1
0.201,4700,0,0,0
0.201,2300,0,0,0
0.201,3580,0,0,0
0.201,4250,1,0,0
0.202,4420,0,0,0
0.202,2450,1,0,1
0.202,3600,0,0,0
0.202,3700,0,0,0
0.202,4400,0,0,0
0.202,4050,0,0,0
0.202,4100,0,0,0
0.202,4700,0,0,0
0.202,4580,0,0,0
0.202,4590,0,0,0
0.202,4550,0,0,0
0.202,3800,0,0,0
0.202,3980,0,0,0
0.202,4600,0,0,0
0.202,4200,0,0,0
0.202,4350,0,0,0
0.202,3900,0,0,0
0.202,4500,0,0,0
0.202,4980,0,0,0
0.202,2480,1,0,0
0.202,4490,0,0,0
0.202,3780,0,0,0
0.202,4690,0,0,0
0.202,4000,0,0,0
0.202,4520,0,0,0
0.202,4790,0,0,0
0.202,4800,0,0,0
0.202,4820,0,0,0
0.202,4450,0,0,0
0.202,3400,0,0,0
0.203,4790,0,0,0
0.203,4050,0,0,0
0.203,2900,0,0,0
0.203,2980,0,0,0
0.203,3250,0,0,0
0.203,4250,0,0,0
0.203,3500,0,0,0
0.203,2750,0,0,0
0.203,4000,0,0,0
0.203,3600,0,0,0
0.203,2950,0,0,0
0.203,3400,0,0,0
0.203,3100,0,0,0
0.203,3900,0,0,0
0.203,3350,0,0,0
0.203,3200,0,0,0
0.203,3300,0,0,0
0.203,4890,0,0,0
0.203,4990,0,0,0
0.203,2400,0,0,1
0.203,4080,0,0,0
0.204,2950,0,0,0
0.204,2300,0,0,0
0.204,2500,0,0,0
0.204,2280,0,0,0
0.204,2400,0,0,0
0.204,2800,0,0,0
0.204,2000,0,0,0
0.204,2200,0,0,0
0.204,2450,0,0,0
0.204,2600,0,0,0
0.204,1950,0,0,1
0.204,2050,0,0,0
0.204,2350,0,0,0
0.205,1550,0,0,0
0.205,1650,0,0,0
0.205,650,0,0,1
0.205,1700,0,0,0
0.205,1600,0,0,0
0.205,1690,0,0,0
0.205,1500,0,0,0
0.205,1360,0,0,0
0.205,1580,0,0,0
0.205,1300,0,0,0
0.206,2690,0,0,0
0.206,2750,0,0,0
0.206,2280,0,0,0
0.206,2400,0,0,0
0.206,2080,0,0,0
0.206,2200,0,0,0
0.206,2600,0,0,0
0.206,2550,0,0,0
0.206,2990,0,0,0
0.206,2500,0,0,0
0.206,2490,0,0,0
0.206,2790,0,0,0
0.206,2190,0,0,0
0.206,2820,0,0,0
0.206,2250,0,0,0
0.206,2890,0,0,0
0.206,2580,0,0,0
0.206,2900,0,0,0
0.206,2650,0,0,0
0.206,1950,0,0,0
0.206,2100,0,0,0
0.206,2700,0,0,0
0.206,2000,0,0,0
0.206,2300,0,0,0
0.206,1900,0,0,1
0.206,2050,0,0,0
0.207,3900,0,0,0
0.207,2980,0,0,0
0.207,4490,0,0,0
0.207,2500,0,0,0
0.207,1980,0,0,0
0.207,2200,0,0,0
0.207,3510,0,0,0
0.207,3000,0,0,0
0.207,3990,0,0,0
0.207,2200,1,0,0
0.207,1980,1,0,0
0.207,4670,0,0,0
0.207,2250,0,0,0
0.207,2700,0,0,0
0.207,4500,0,0,0
0.207,3500,0,0,0
0.207,3290,0,0,0
0.207,1800,0,0,0
0.207,2350,1,0,0
0.207,2000,0,0,0
0.207,1850,0,0,0
0.207,5490,0,0,0
0.207,3980,0,0,0
0.207,2080,0,0,0
0.207,2300,0,0,0
0.207,4800,0,0,0
0.207,4590,0,0,0
0.207,2000,1,0,0
0.207,1690,0,0,1
0.208,2990,0,0,0
0.208,3880,0,0,1
0.208,2000,0,0,0
0.208,2000,1,0,0
0.208,1980,0,0,0
0.208,3900,0,0,0
0.208,2500,0,0,0
0.208,4200,0,0,0
0.208,3600,0,0,0
0.208,2100,0,0,0
0.208,2250,0,0,0
0.208,2400,0,0,0
0.208,2400,1,0,0
0.208,3000,0,0,0
0.208,2300,0,0,0
0.208,3250,0,0,0
0.208,3500,0,0,0
0.208,4250,0,0,0
0.208,3950,0,0,0
0.208,2200,1,0,0
0.208,2900,0,0,0
0.208,3200,0,0,0
0.208,2200,0,0,0
0.208,3490,0,0,0
0.208,4500,0,0,0
0.209,1980,0,0,1
0.209,4000,0,0,0
0.209,4290,0,0,0
0.209,4100,0,0,0
0.209,2050,0,0,0
0.209,2300,0,0,0
0.209,2990,0,0,0
0.209,3000,0,0,0
0.209,2800,0,0,0
0.209,2100,0,0,0
0.209,3100,0,0,0
0.209,3700,0,0,0
0.209,2200,0,0,0
0.209,3990,0,0,0
0.209,2090,0,0,0
0.209,4490,0,0,0
0.211,7980,0,0,0
0.211,7500,0,0,0
0.211,7300,0,0,0
0.211,7200,0,0,0
0.211,7690,0,0,0
0.211,5980,1,0,0
0.211,7980,1,0,0
0.211,7180,0,0,0
0.211,7400,0,0,0
0.211,6500,0,0,0
0.211,4500,0,0,0
0.211,6900,0,0,0
0.211,5650,0,0,0
0.211,3900,0,0,1
0.211,5500,0,0,0
0.211,7250,1,0,0
0.211,6000,0,0,0
0.211,5900,0,0,0
0.211,5000,0,0,0
0.211,6100,0,0,0
0.211,7000,0,0,0
0.211,6600,0,0,0
0.211,6200,0,0,0
0.211,8390,0,0,0
0.211,7100,0,0,0
0.211,5300,0,0,0
0.211,7600,0,0,0
0.212,4580,0,0,0
0.212,3990,0,0,0
0.212,3480,1,0,1
0.212,4800,0,0,0
0.212,4450,1,0,0
0.212,4980,0,0,0
0.212,3980,0,0,0
0.212,4600,0,0,0
0.212,4500,0,0,0
0.212,4750,0,0,0
0.212,3900,0,0,0
0.212,5500,0,0,0
0.212,4300,1,0,0
0.212,5200,0,0,0
0.212,4200,0,0,0
0.212,5000,0,0,0
0.212,7990,0,0,0
0.212,3900,1,0,0
0.212,4900,0,0,0
0.212,6650,0,0,0
0.212,5650,0,0,0
0.213,6980,0,0,0
0.213,9000,0,0,0
0.213,5300,0,0,1
0.213,7650,0,0,0
0.213,6000,0,0,0
0.213,7800,0,0,0
0.214,1850,0,0,0
0.214,2000,0,0,0
0.214,1660,0,0,0
0.214,1990,0,0,0
0.214,1880,0,0,0
0.214,1750,0,0,0
0.214,1900,0,0,0
0.214,1980,0,0,0
0.214,1780,0,0,0
0.214,1700,0,0,0
0.214,1650,0,0,0
0.214,1950,0,0,0
0.214,1600,1,0,0
0.214,1800,0,0,0
0.214,1280,0,0,1
0.214,2090,0,0,0
0.214,1690,0,0,0
0.215,3750,0,0,0
0.215,2990,0,0,0
0.215,2250,0,0,0
0.215,2450,0,0,0
0.215,2580,1,0,0
0.215,2500,0,0,0
0.215,2380,1,0,0
0.215,3300,0,0,0
0.215,3090,0,0,0
0.215,3790,0,0,0
0.215,2700,0,0,0
0.215,4400,0,0,0
0.215,3150,1,0,0
0.215,1950,1,0,1
0.215,3150,0,0,0
0.215,2650,1,0,0
0.215,3000,0,0,0
0.215,2100,0,0,0
0.215,2900,0,0,0
0.215,2490,0,0,0
0.215,3950,0,0,0
0.215,3600,0,0,0
0.215,2750,0,0,0
0.215,3800,0,0,0
0.216,2080,0,0,0
0.216,3000,0,0,0
0.216,2000,0,0,1
0.216,2300,0,0,0
0.217,2080,1,0,0
0.217,2490,0,0,0
0.217,2400,0,0,1
0.217,2180,0,0,0
0.217,1900,1,0,0
0.217,2300,0,0,0
0.217,2540,0,0,0
0.217,3100,0,0,0
0.217,2590,0,0,0
0.217,2200,0,0,0
0.217,2450,0,0,0
0.217,2790,0,0,0
0.217,2350,0,0,0
0.217,2610,0,0,0
0.217,2990,0,0,0
0.217,2690,0,0,0
0.217,3000,0,0,0
0.217,2550,0,0,0
0.217,2150,0,0,0
0.217,2500,0,0,0
0.217,1920,1,0,0
0.217,2000,0,0,0
0.217,2050,0,0,0
0.217,2800,0,0,0
0.217,2100,0,0,0
0.217,1950,1,0,0
0.217,1960,0,0,0
0.218,8300,0,0,0
0.218,9050,0,0,0
0.218,8350,0,0,0
0.218,8460,0,0,0
0.218,8990,0,0,0
0.218,8700,0,0,0
0.218,4980,0,0,1
0.218,8500,0,0,0
0.218,11580,0,0,0
0.218,8980,0,0,0
0.218,9240,0,0,0
0.219,7980,0,0,0
0.219,8300,0,0,0
0.219,8400,0,0,0
0.219,9800,0,0,0
0.219,9900,0,0,0
0.219,8600,0,0,0
0.219,9200,0,0,0
0.219,8950,0,0,0
0.219,4150,0,0,1
0.219,9300,0,0,0
0.219,8380,0,0,0
0.221,1800,0,0,0
0.221,3480,0,0,1
0.221,2900,0,0,0
0.221,1990,0,0,0
0.221,3400,0,0,0
0.221,2980,0,0,0
0.221,3500,0,0,0
0.221,2800,0,0,0
0.221,3950,0,0,0
0.221,2990,0,0,0
0.221,4550,0,0,0
0.221,3380,0,0,0
0.222,1190,0,0,1
0.222,3800,0,0,0
0.222,2780,0,0,0
0.222,3980,0,0,0
0.222,1900,0,0,0
0.222,2800,0,0,0
0.222,3300,0,0,0
0.222,3750,0,0,0
0.222,3990,0,0,0
0.223,7200,0,0,0
0.223,7480,0,0,0
0.223,7700,0,0,0
0.223,5700,0,0,1
0.223,6850,0,0,0
0.223,6600,0,0,0
0.224,6580,0,0,0
0.224,6300,0,0,0
0.224,6000,0,0,0
0.224,8570,0,0,0
0.224,6860,0,0,0
0.224,6900,0,0,0
0.224,7500,0,0,0
0.224,5680,0,0,0
0.224,5400,0,0,0
0.224,7400,0,0,0
0.224,8590,0,0,0
0.224,6980,0,0,0
0.224,5800,0,0,0
0.224,7200,0,0,0
0.224,6850,0,0,0
0.224,6650,0,0,0
0.224,6800,0,0,0
0.224,6500,0,0,0
0.224,6150,0,0,0
0.224,7000,0,0,0
0.224,6400,0,0,0
0.224,6950,0,0,0
0.224,6250,0,0,1
0.224,7300,0,0,0
0.224,6890,0,0,0
0.224,6710,0,0,0
0.224,5700,0,0,0
0.224,6600,0,0,0
0.225,13280,0,0,0
0.225,13290,0,0,0
0.225,12800,0,0,0
0.225,11900,0,0,0
0.225,14800,0,0,0
0.225,13060,0,0,0
0.225,13600,0,0,0
0.225,14500,0,0,0
0.225,14000,0,0,0
0.225,13000,0,0,0
0.225,14400,0,0,0
0.225,12000,0,0,0
0.225,13500,0,0,0
0.225,12500,0,0,0
0.225,9500,0,0,1
0.225,13950,0,0,0
0.225,11500,0,0,0
0.225,14300,0,0,0
0.225,11520,0,0,0
0.226,10800,0,0,0
0.226,11000,0,0,0
0.226,11700,0,0,0
0.226,10880,0,0,0
0.226,11360,0,0,0
0.226,9720,0,0,0
0.226,9900,0,0,0
0.226,11500,0,0,0
0.226,11200,0,0,0
0.226,11900,0,0,0
0.226,12290,0,0,0
0.226,10000,0,0,0
0.226,9600,0,0,1
0.226,12000,0,0,0
0.227,11500,0,0,0
0.227,11990,0,0,0
0.227,11000,0,0,0
0.227,8800,0,0,1
0.227,10500,0,0,0
0.227,9000,0,0,0
0.228,1180,0,0,0
0.228,1100,0,0,0
0.228,1190,0,0,0
0.228,1200,0,0,0
0.228,1000,0,0,1
0.229,1500,0,0,0
0.229,1590,0,0,1
0.229,1700,0,0,0
0.229,2000,0,0,0
0.229,1650,0,0,0
0.229,1480,0,0,0
0.229,1200,0,0,0
0.231,1280,0,0,0
0.231,1300,0,0,0
0.231,1390,0,0,0
0.231,1100,0,0,0
0.231,1400,0,0,0
0.231,1200,0,0,0
0.231,1500,0,0,0
0.231,1090,0,0,0
0.231,990,0,0,1
0.232,8220,0,0,0
0.232,7670,0,0,1
0.232,9240,0,0,0
0.232,12000,0,0,0
0.232,9000,0,0,0
0.232,8800,0,0,0
0.232,8700,0,0,0
0.232,9600,0,0,0
0.232,8160,0,0,0
0.232,9150,0,0,0
0.232,10200,0,0,0
0.232,9500,0,0,0
0.232,10000,0,0,0
0.232,9900,0,0,0
0.232,10140,0,0,0
0.232,9300,0,0,0
0.232,8040,0,0,0
0.232,9540,0,0,0
0.232,9100,0,0,0
0.232,9200,0,0,0
0.232,9480,0,0,0
0.233,1540,0,0,0
0.233,1580,0,0,0
0.233,1550,0,0,0
0.233,1360,0,0,0
0.233,1500,0,0,0
0.233,1370,0,0,0
0.233,1690,0,0,0
0.233,1600,0,0,0
0.233,2000,0,0,0
0.233,1650,0,0,0
0.233,1700,0,0,0
0.233,1340,0,0,0
0.233,1590,0,0,1
0.234,8690,0,0,0
0.234,9800,0,0,0
0.234,10740,0,0,0
0.234,8700,0,0,0
0.234,9500,0,0,0
0.234,9300,0,0,0
0.234,8800,0,0,0
0.234,10500,0,0,0
0.234,10200,0,0,0
0.234,10000,0,0,0
0.234,8520,0,0,1
0.234,8600,0,0,0
0.234,9600,0,0,0
0.234,9650,0,0,0
0.234,12900,0,0,0
0.235,1790,0,0,0
0.235,1650,0,0,0
0.235,1450,0,0,0
0.235,1600,0,0,0
0.235,1700,0,0,0
0.235,2150,0,0,0
0.235,1550,0,0,0
0.235,1420,0,0,1
0.235,1460,0,0,0
0.235,1500,0,0,0
0.235,1750,0,0,0
0.236,8220,0,0,0
0.236,9240,0,0,0
0.236,9800,0,0,0
0.236,8690,0,0,0
0.236,12000,0,0,0
0.236,9600,0,0,0
0.236,8700,0,0,1
0.236,9300,0,0,0
0.236,9500,0,0,0
0.236,10200,0,0,0
0.236,10000,0,0,0
0.236,9900,0,0,0
0.236,10140,0,0,0
0.236,9500,1,0,0
0.236,9000,0,0,0
0.236,10500,0,0,0
0.236,9200,0,0,0
0.236,9400,0,0,0
0.236,8160,0,0,0
0.236,9650,0,0,0
0.236,9480,0,0,0
0.237,2100,0,0,0
0.237,1880,0,0,0
0.237,2180,0,0,0
0.237,2200,0,0,0
0.237,2190,0,0,0
0.237,2090,0,0,0
0.237,2700,0,0,0
0.237,2160,0,0,0
0.237,2400,0,0,0
0.237,2300,0,0,0
0.237,1700,0,0,0
0.237,2250,0,0,0
0.237,1600,0,0,1
0.237,2150,0,0,0
0.237,1750,0,0,0
0.237,1940,0,0,0
0.237,2500,0,0,0
0.237,1890,0,0,0
0.237,2100,1,0,0
0.237,2000,0,0,0
0.238,5480,0,0,0
0.238,4700,0,0,0
0.238,5000,0,0,0
0.238,5500,0,0,0
0.238,4930,0,0,0
0.238,4800,0,0,0
0.238,7000,0,0,0
0.238,8000,0,0,0
0.238,6600,0,0,0
0.238,5900,0,0,0
0.238,4500,0,0,0
0.238,6000,0,0,0
0.238,7400,0,0,0
0.238,6900,0,0,0
0.238,7600,0,0,0
0.238,6800,0,0,0
0.238,7900,0,0,0
0.238,9900,0,0,0
0.238,7500,0,0,0
0.238,5600,0,0,1
0.239,3000,0,0,0
0.239,3900,0,0,0
0.239,3300,0,0,0
0.239,5500,0,0,0
0.239,6000,0,0,0
0.239,2600,0,0,1
0.239,2900,0,0,0
0.239,4000,0,0,0
0.239,4500,0,0,0
0.239,3500,0,0,0
0.239,7000,0,0,0
0.241,750,0,0,1
0.241,800,0,0,0
0.241,850,0,0,0
0.241,900,0,0,0
0.241,1200,0,0,0
0.242,1980,1,0,0
0.242,2380,0,0,0
0.242,2500,0,0,0
0.242,2600,0,0,0
0.242,2200,0,0,0
0.242,1950,0,0,0
0.242,2140,0,0,0
0.242,1780,1,0,0
0.242,2390,1,0,0
0.242,1900,1,0,0
0.242,2790,0,0,0
0.242,2750,0,0,0
0.242,2000,0,0,0
0.242,2550,0,0,0
0.242,2300,0,0,0
0.242,2400,0,0,0
0.242,2380,1,0,0
0.242,1530,0,0,1
0.242,2250,0,0,0
0.242,1980,0,0,0
0.242,2900,0,0,0
0.242,2430,0,0,0
0.242,1990,0,0,0
0.242,2990,0,0,0
0.242,1800,1,0,0
0.243,2200,0,0,0
0.243,2790,0,0,0
0.243,2180,0,0,0
0.243,2490,0,0,0
0.243,2680,0,0,0
0.243,2400,0,0,0
0.243,2300,0,0,1
0.243,2500,0,0,0
0.243,1960,0,0,0
0.243,2800,0,0,0
0.244,1200,0,0,0
0.244,980,0,0,0
0.244,1100,0,0,0
0.244,1150,0,0,0
0.244,630,0,0,1
0.244,950,0,0,0
0.244,1050,0,0,0
0.244,1000,0,0,0
0.244,1700,0,0,0
0.244,880,0,0,0
0.244,1040,0,0,0
0.244,700,0,0,0
0.245,430,0,0,0
0.245,600,0,0,0
0.245,350,0,0,1
0.245,380,0,0,0
0.245,480,0,0,0
0.245,500,0,0,0
0.245,550,0,0,0
0.245,400,0,0,0
0.245,580,0,0,0
0.245,590,0,0,0
0.245,450,0,0,0
0.245,490,0,0,0
0.245,690,0,0,0
0.245,950,0,0,0
0.245,530,0,0,0
0.245,790,0,0,0
0.246,660,0,0,0
0.246,1300,0,0,0
0.246,680,0,0,0
0.246,590,0,0,1
0.246,800,0,0,0
0.246,900,0,0,0
0.246,690,0,0,0
0.246,1000,0,0,0
0.246,990,0,0,0
0.246,650,0,0,0
0.246,790,0,0,0
0.246,1550,0,0,0
0.246,830,0,0,0
0.247,350,0,0,0
0.247,400,0,0,0
0.247,320,0,0,0
0.247,390,0,0,0
0.247,500,0,0,0
0.247,450,0,0,0
0.247,590,0,0,0
0.247,850,0,0,0
0.247,550,0,0,0
0.247,280,0,0,1
0.247,900,0,0,0
0.248,5880,0,0,0
0.248,6500,0,0,0
0.248,6000,0,0,0
0.248,7000,0,0,0
0.248,6300,0,0,0
0.248,10200,0,0,0
0.248,6800,0,0,0
0.248,6600,0,0,0
0.248,7200,0,0,0
0.248,5700,0,0,0
0.248,6900,0,0,0
0.248,6200,0,0,0
0.248,6700,0,0,0
0.248,5940,1,0,0
0.248,3900,0,0,1
0.248,4200,0,0,0
0.249,9600,0,0,0
0.249,10000,0,0,0
0.249,8600,0,0,0
0.249,9500,0,0,0
0.249,11800,0,0,0
0.249,9300,0,0,0
0.249,9000,0,0,0
0.249,15800,0,0,0
0.249,13800,0,0,0
0.249,19000,0,0,0
0.249,10600,0,0,0
0.249,12000,0,0,0
0.249,9800,0,0,0
0.249,11000,0,0,0
0.249,8000,0,0,0
0.249,11600,0,0,0
0.249,10500,0,0,0
0.249,8500,1,0,0
0.249,6800,0,0,1
0.249,7500,0,0,0
0.251,1460,0,0,0
0.251,1490,0,0,0
0.251,1180,0,0,0
0.251,1200,0,0,0
0.251,1380,0,0,0
0.251,1400,0,0,0
0.251,1800,0,0,0
0.251,1350,0,0,0
0.251,1450,0,0,0
0.251,1600,0,0,0
0.251,1500,0,0,0
0.251,1300,0,0,0
0.251,1340,0,0,0
0.251,1250,0,0,1
0.251,1700,0,0,0
0.252,1700,0,0,0
0.252,1180,0,0,1
0.252,1450,0,0,0
0.252,1360,0,0,0
0.252,1200,0,0,0
0.252,1500,0,0,0
0.252,1350,0,0,0
0.252,1400,0,0,0
0.252,1340,0,0,0
0.252,1490,0,0,0
0.252,1320,0,0,0
0.252,1600,0,0,0
0.252,1300,0,0,0
0.252,1800,0,0,0
0.252,1380,0,0,0
0.253,1360,0,0,0
0.253,1490,0,0,0
0.253,1180,0,0,1
0.253,1200,0,0,0
0.253,1340,0,0,0
0.253,1400,0,0,0
0.253,1350,0,0,0
0.253,1800,0,0,0
0.253,1450,0,0,0
0.253,1600,0,0,0
0.253,1500,0,0,0
0.253,1320,0,0,0
0.253,1300,0,0,0
0.253,1700,0,0,0
0.254,3570,0,0,0
0.254,3800,0,0,0
0.254,3450,0,0,0
0.254,3600,0,0,0
0.254,3500,0,0,0
0.254,3580,0,0,1
0.254,3210,0,0,0
0.254,3990,0,0,0
0.254,3650,0,0,0
0.254,3950,0,0,0
0.254,3400,0,0,0
0.254,3850,0,0,0
0.254,3690,0,0,0
0.254,4000,0,0,0
0.254,3900,0,0,0
0.254,3750,0,0,0
0.254,3780,0,0,0
0.254,4200,0,0,0
0.254,3200,0,0,0
0.254,3790,0,0,0
0.254,3890,0,0,0
0.254,3700,0,0,0
0.255,2000,0,0,0
0.255,2090,0,0,0
0.255,2200,0,0,0
0.255,1900,0,0,0
0.255,2190,0,0,0
0.255,1800,0,0,1
0.255,2100,0,0,0
0.255,1980,0,0,0
0.255,2300,0,0,0
0.256,800,0,0,1
0.256,850,0,0,0
0.256,900,0,0,0
0.256,830,0,0,0
0.256,1200,0,0,0
0.256,990,0,0,0
0.256,910,0,0,0
0.256,940,0,0,0
0.256,950,0,0,0
0.256,1000,0,0,0
0.257,1780,0,0,0
0.257,1990,0,0,0
0.257,900,0,0,0
0.257,1880,0,0,0
0.257,1800,0,0,0
0.257,1700,0,0,0
0.257,2000,0,0,0
0.257,1500,0,0,0
0.257,1880,1,0,0
0.257,1600,1,0,0
0.257,1650,0,0,0
0.257,1600,0,0,0
0.257,1690,0,0,1
0.258,1580,0,0,0
0.258,1600,0,0,0
0.258,1420,0,0,0
0.258,1500,0,0,0
0.258,1150,0,0,0
0.258,1400,0,0,0
0.258,1000,0,0,1
0.258,1700,0,0,0
0.258,1290,0,0,0
0.258,1550,0,0,0
0.258,1750,0,0,0
0.258,1200,0,0,0
0.258,1450,0,0,0
0.258,1370,0,0,0
0.258,1480,0,0,0
0.258,1300,0,0,0
0.258,2000,0,0,0
0.258,1990,0,0,0
0.259,1700,0,0,0
0.259,1790,0,0,0
0.259,1600,0,0,0
0.259,1590,0,0,0
0.259,1500,0,0,0
0.259,1710,0,0,0
0.259,2000,0,0,0
0.259,1400,0,0,0
0.259,1750,0,0,0
0.259,1180,0,0,0
0.259,1300,0,0,0
0.259,1000,0,0,1
0.259,1550,0,0,0
0.259,1450,0,0,0
0.261,1540,0,0,0
0.261,1300,0,0,0
0.261,2300,0,0,0
0.261,1620,0,0,0
0.261,1000,0,0,1
0.261,1550,0,0,0
0.261,2000,0,0,0
0.261,1500,0,0,0
0.262,990,0,0,0
0.262,1000,0,0,0
0.262,1080,0,0,0
0.262,980,0,0,0
0.262,970,0,0,0
0.262,1050,0,0,0
0.262,850,0,0,1
0.262,1200,0,0,0
0.262,950,0,0,0
0.262,900,0,0,0
0.262,1190,0,0,0
0.263,690,0,0,0
0.263,500,0,0,0
0.263,400,0,0,0
0.263,450,0,0,0
0.263,350,1,0,0
0.263,490,0,0,0
0.263,400,1,0,0
0.263,330,0,0,1
0.263,380,0,0,0
0.263,700,0,0,0
0.263,470,0,0,0
0.263,890,0,0,0
0.263,550,0,0,0
0.264,450,0,0,0
0.264,400,0,0,0
0.264,590,0,0,0
0.264,800,0,0,0
0.264,220,0,0,1
0.264,500,0,0,0
0.264,600,0,0,0
0.264,300,0,0,0
0.265,980,0,0,1
0.265,1880,0,0,0
0.265,1000,1,0,0
0.265,990,1,0,0
0.265,1200,0,0,0
0.265,1600,0,0,0
0.265,1000,0,0,0
0.265,990,0,0,0
0.265,1900,0,0,0
0.265,1990,0,0,0
0.265,1500,0,0,0
0.265,1300,0,0,0
0.265,1700,0,0,0
0.265,1250,0,0,0
0.265,2200,0,0,0
0.265,1850,0,0,0
0.265,1100,0,0,0
0.265,1350,0,0,0
0.266,990,0,0,1
0.266,1770,0,0,0
0.266,1800,0,0,0
0.266,1780,0,0,0
0.266,1600,0,0,0
0.266,1100,0,0,0
0.266,1000,0,0,0
0.266,1490,0,0,0
0.266,1200,0,0,0
0.266,2200,0,0,0
0.266,1500,0,0,0
0.266,1700,0,0,0
0.266,1680,0,0,0
0.266,1300,0,0,0
0.266,1590,0,0,0
0.266,1400,0,0,0
0.266,1100,1,0,0
0.266,1000,1,0,0
0.266,1200,1,0,0
0.266,990,1,0,1
0.266,2000,0,0,0
0.267,29450,0,0,0
0.267,25900,0,0,0
0.267,19800,1,0,0
0.267,17800,0,0,1
0.267,20900,0,0,0
0.267,21000,0,0,0
0.267,26990,0,0,0
0.267,20200,1,0,0
0.267,24990,1,0,0
0.268,12530,0,0,0
0.268,18500,0,0,0
0.268,18150,0,0,0
0.268,12100,1,0,0
0.268,17900,0,0,0
0.268,12900,1,0,0
0.268,16990,0,0,0
0.268,18400,0,0,0
0.268,18590,0,0,0
0.268,16800,0,0,0
0.268,17500,0,0,0
0.268,14750,1,0,0
0.268,14000,0,0,0
0.268,15800,0,0,0
0.268,16500,0,0,0
0.268,17800,0,0,0
0.268,18000,0,0,0
0.268,12530,1,0,0
0.268,8500,0,0,1
0.268,17000,0,0,0
0.268,18100,0,0,0
0.268,19900,0,0,0
0.268,13500,0,0,0
0.268,13000,0,0,0
0.268,16900,0,0,0
0.268,20000,0,0,0
0.268,12800,1,0,0
0.268,11270,0,0,0
0.268,17300,0,0,0
0.269,21800,0,0,0
0.269,24650,0,0,0
0.269,25400,0,0,0
0.269,24000,0,0,0
0.269,22000,0,0,0
0.269,19800,0,0,0
0.269,21000,0,0,0
0.269,21500,0,0,0
0.269,21800,1,0,0
0.269,29350,0,0,0
0.269,20900,1,0,0
0.269,22500,0,0,0
0.269,23800,0,0,0
0.269,21700,0,0,0
0.269,23000,0,0,0
0.269,24700,0,0,0
0.269,25990,0,0,0
0.269,22800,0,0,0
0.269,25500,0,0,0
0.269,20390,0,0,0
0.269,25450,0,0,0
0.269,19500,0,0,1
0.271,25760,0,0,0
0.271,25400,0,0,0
0.271,26500,0,0,0
0.271,25300,0,0,0
0.271,21000,0,0,1
0.271,25990,0,0,0
0.272,1500,0,0,0
0.272,1150,0,0,0
0.272,1600,0,0,0
0.272,1300,0,0,0
0.272,990,0,0,1
0.272,1200,0,0,0
0.272,1000,0,0,0
0.272,1650,0,0,0
0.272,1190,0,0,0
0.273,2000,0,0,0
0.273,1850,0,0,0
0.273,2090,0,0,0
0.273,2100,0,0,0
0.273,2390,0,0,0
0.273,1800,0,0,1
0.274,1400,0,0,0
0.274,990,0,0,1
0.274,1500,0,0,0
0.274,1200,0,0,0
0.274,1100,0,0,0
0.274,1000,0,0,0
0.274,1190,0,0,0
0.275,1870,0,0,0
0.275,1700,0,0,0
0.275,1600,0,0,1
0.275,1990,0,0,0
0.275,1650,0,0,0
0.276,3500,0,0,0
0.276,3130,1,0,0
0.276,2490,0,0,0
0.276,2650,1,0,0
0.276,3790,0,0,0
0.276,2490,1,0,0
0.276,2700,0,0,0
0.276,2240,0,0,1
0.276,2680,1,0,0
0.277,2180,0,0,0
0.277,1960,0,0,0
0.277,2200,0,0,0
0.277,2350,0,0,0
0.277,2490,0,0,0
0.277,2990,0,0,0
0.278,1000,0,0,0
0.278,500,0,0,1
0.278,990,0,0,0
0.278,650,0,0,0
0.278,950,0,0,0
0.278,1390,0,0,0
0.278,580,0,0,0
0.278,1300,0,0,0
0.278,800,0,0,0
0.278,850,0,0,0
0.278,690,0,0,0
0.278,600,0,0,0
0.278,500,1,0,1
0.278,700,0,0,0
0.279,1380,0,0,0
0.279,890,0,0,0
0.279,1430,0,0,0
0.279,1590,0,0,0
0.279,700,0,0,1
0.279,1300,0,0,0
0.281,1500,0,0,0
0.281,1200,0,0,0
0.281,1590,0,0,0
0.281,850,0,0,0
0.281,1100,0,0,0
0.281,1000,0,0,0
0.281,1290,0,0,0
0.281,900,0,0,0
0.281,1600,0,0,0
0.281,1300,0,0,0
0.281,950,0,0,0
0.281,1150,0,0,0
0.281,880,0,0,0
0.281,950,1,0,0
0.281,760,0,0,1
0.282,2700,0,0,0
0.282,1666,0,0,0
0.282,2119,0,0,0
0.282,2240,0,0,0
0.282,3802,0,0,0
0.282,1829,0,0,0
0.282,3000,0,0,0
0.282,2543,0,0,0
0.282,1010,0,0,1
0.282,2075,0,0,0
0.282,1600,0,0,0
0.282,2351,0,0,0
0.282,2000,0,0,0
0.282,2365,0,0,0
0.282,1050,0,0,0
0.282,1420,0,0,0
0.282,1150,0,0,0
0.282,3750,0,0,0
0.282,1540,0,0,0
0.282,1710,0,0,0
0.283,1800,0,0,0
0.283,1600,0,0,0
0.283,7440,0,0,0
0.283,3100,0,0,0
0.283,3721,0,0,0
0.283,2250,0,0,0
0.283,4705,0,0,0
0.283,2500,0,0,0
0.283,2000,0,0,0
0.283,1564,0,0,1
0.283,4000,0,0,0
0.283,1942,0,0,0
0.283,2107,0,0,0
0.283,2400,0,0,0
0.283,3490,0,0,0
0.283,3130,0,0,0
0.283,2096,0,0,0
0.283,2090,0,0,0
0.283,3145,0,0,0
0.283,6500,0,0,0
0.283,2285,0,0,0
0.283,3330,0,0,0
0.283,6000,0,0,0
0.283,1980,0,0,0
0.283,2750,0,0,0
0.283,2142,0,0,0
0.283,3960,0,0,0
0.283,2670,0,0,0
0.283,1630,0,0,0
0.283,4330,0,0,0
0.283,2110,0,0,0
0.283,3000,0,0,0
0.283,2857,0,0,0
0.283,7515,0,0,0
0.283,2277,0,0,0
0.283,2800,0,0,0
0.283,5900,0,0,0
0.284,4000,0,0,0
0.284,4490,0,0,0
0.284,6400,0,0,0
0.284,3980,0,0,0
0.284,3333,0,0,0
0.284,4400,0,0,0
0.284,8000,0,0,0
0.284,2900,0,0,0
0.284,2990,0,0,0
0.284,3000,0,0,1
0.284,5000,0,0,0
0.284,3900,0,0,0
0.284,2500,0,0,0
0.284,2400,0,0,0
0.284,2980,0,0,0
0.284,8500,0,0,0
0.284,4900,0,0,0
0.284,2300,0,0,0
0.284,6800,0,0,0
0.284,7500,0,0,0
0.284,2450,0,0,0
0.284,7800,0,0,0
0.284,3990,0,0,0
0.284,2000,0,0,0
0.284,3400,0,0,0
0.284,5900,0,0,0
0.285,3990,0,0,0
0.285,1100,0,0,0
0.285,750,0,0,0
0.285,1440,0,0,0
0.285,1175,0,0,0
0.285,2000,0,0,0
0.285,800,0,0,0
0.285,1000,0,0,0
0.285,1500,0,0,0
0.285,798,0,0,0
0.285,900,0,0,0
0.285,1030,0,0,0
0.285,924,0,0,0
0.285,830,0,0,0
0.285,1012,0,0,0
0.285,3450,0,0,0
0.285,1174,0,0,0
0.285,3900,0,0,0
0.285,952,0,0,0
0.285,700,0,0,1
0.285,1830,0,0,0
0.285,870,0,0,0
0.285,1730,0,0,0
0.285,740,0,0,0
0.285,790,0,0,0
0.285,860,0,0,0
0.285,875,0,0,0
0.285,1400,0,0,0
0.285,1160,0,0,0
0.285,1460,0,0,0
0.285,1550,0,0,0
0.285,1166,0,0,0
0.285,880,0,0,0
0.286,4800,0,0,0
0.286,4000,0,0,0
0.286,4500,0,0,0
0.286,2966,0,0,0
0.286,5000,0,0,0
0.286,3330,0,0,0
0.286,3500,0,0,0
0.286,3950,0,0,1
0.286,3000,0,0,0
0.286,3990,0,0,0
0.286,2500,0,0,0
0.286,2800,0,0,0
0.286,2900,0,0,0
0.286,3340,0,0,0
0.286,3300,0,0,0
0.286,5280,0,0,0
0.286,7000,0,0,0
0.286,6000,0,0,0
0.286,7400,0,0,0
0.286,3990,0,0,0
0.286,6580,0,0,0
0.286,6500,0,0,0
0.286,8750,0,0,0
0.286,5000,0,0,0
0.286,3495,0,0,0
0.286,9000,0,0,0
0.286,7900,0,0,0
0.286,8800,0,0,0
0.286,8000,0,0,0
0.286,3300,0,0,0
0.287,4900,0,0,0
0.287,5000,0,0,0
0.287,2000,0,0,1
0.287,4000,0,0,0
0.287,2500,0,0,0
0.287,3000,0,0,0
0.287,3500,0,0,0
0.287,7000,0,0,0
0.287,3330,0,0,0
0.287,6000,0,0,0
0.288,6333,0,0,0
0.288,7000,0,0,0
0.288,1000,0,0,0
0.288,11800,0,0,0
0.288,1428,0,0,0
0.288,990,0,0,0
0.288,1200,0,0,0
0.288,4950,0,0,0
0.288,2000,0,0,0
0.288,910,0,0,0
0.288,1600,0,0,0
0.288,1490,0,0,0
0.288,1500,0,0,0
0.288,1980,0,0,0
0.288,1800,0,0,0
0.288,880,0,0,1
0.289,5990,0,0,0
0.289,6000,0,0,0
0.289,4990,0,0,0
0.289,7890,0,0,0
0.289,5650,1,0,0
0.289,6900,0,0,0
0.289,4300,0,0,1
0.291,4990,0,0,0
0.291,8410,0,0,0
0.291,3990,0,0,1
0.291,6200,0,0,0
0.291,4080,0,0,0
0.291,8200,0,0,0
0.291,5490,0,0,0
0.291,4200,0,0,0
0.291,5990,0,0,0
0.292,6490,0,0,0
0.292,5990,0,0,0
0.292,4990,0,0,0
0.292,7500,0,0,0
0.292,5000,0,0,0
0.292,5590,0,0,0
0.292,5290,0,0,0
0.292,6980,0,0,0
0.292,5490,0,0,0
0.292,5980,0,0,0
0.292,5200,0,0,0
0.292,5690,0,0,0
0.292,6250,0,0,0
0.292,5800,0,0,0
0.292,6350,0,0,0
0.292,8500,0,0,0
0.292,4950,0,0,1
0.293,5990,0,0,0
0.293,4950,0,0,1
0.293,4990,0,0,0
0.293,6990,0,0,0
0.293,5950,0,0,0
0.294,7990,0,0,0
0.295,6280,0,0,0
0.296,8880,0,0,0
0.296,9900,0,0,0
0.296,8990,0,0,1
0.296,9300,0,0,0
0.296,7990,0,0,0
0.296,11980,0,0,0
0.296,7800,1,0,0
0.297,1670,0,0,0
0.297,1470,0,0,0
0.297,1650,0,0,0
0.297,1800,0,0,0
0.297,1750,0,0,0
0.297,2000,0,0,0
0.297,2150,0,0,0
0.297,1670,1,0,0
0.297,1900,0,0,0
0.297,1500,0,0,0
0.297,1950,0,0,0
0.297,2400,0,0,0
0.297,1680,0,0,0
0.297,1966,0,0,0
0.297,2200,0,0,0
0.297,1400,0,0,0
0.297,1600,0,0,0
0.297,1280,1,0,1
0.297,1833,0,0,0
0.297,1690,0,0,0
0.297,1980,0,0,0
0.297,1700,0,0,0
0.297,1340,0,0,0
0.297,1490,0,0,0
0.297,1583,0,0,0
0.298,1970,0,0,0
0.298,1500,0,0,0
0.298,2980,0,0,0
0.298,1760,0,0,0
0.298,1600,0,0,0
0.298,1680,0,0,0
0.298,1666,0,0,0
0.298,1580,1,0,0
0.298,1790,1,0,0
0.298,2000,0,0,0
0.298,1780,0,0,0
0.298,1380,1,0,0
0.298,1966,0,0,1
0.298,2300,0,0,0
0.298,2380,1,0,0
0.298,1580,0,0,0
0.298,1840,0,0,0
0.298,2200,0,0,0
0.298,1790,0,0,0
0.298,1800,0,0,0
0.298,2180,0,0,0
0.298,2050,0,0,0
0.298,1750,0,0,0
0.298,1650,0,0,0
0.298,3800,1,0,0
0.298,1690,0,0,0
0.298,1490,0,0,0
0.298,1665,0,0,0
0.298,1667,0,0,0
0.298,2150,0,0,0
0.298,2400,0,0,0
0.298,1950,0,0,0
0.298,2960,0,0,0
0.298,2133,0,0,0
0.298,1967,0,0,0
0.298,1700,0,0,0
0.298,1890,0,0,0
0.298,2480,1,0,0
0.298,1970,1,0,0
0.298,2290,0,0,0
0.298,2380,0,0,0
0.298,3280,0,0,0
0.298,1900,0,0,0
0.298,3980,0,0,0
0.298,2870,1,0,0
0.298,2880,0,0,0
0.299,10600,0,0,0
0.299,9000,0,0,0
0.299,13020,0,0,0
0.299,19000,0,0,0
0.299,7500,0,0,0
0.299,10000,0,0,0
0.299,13800,0,0,0
0.299,12000,0,0,0
0.299,18800,0,0,0
0.299,11800,0,0,0
0.299,8500,0,0,0
0.299,13500,0,0,0
0.299,11290,0,0,0
0.299,7167,0,0,0
0.299,9667,0,0,1
0.299,9500,0,0,0
0.299,8000,0,0,0
0.299,11000,0,0,0
0.299,11690,1,0,0
0.299,8666,0,0,0
0.299,12980,1,0,0
0.299,10500,0,0,0
0.299,16600,0,0,0
0.299,12400,0,0,0
0.299,8800,0,0,0
0.299,15400,0,0,0
0.299,12800,0,0,0
0.299,12900,0,0,0
0.301,9900,0,0,0
0.301,7000,0,0,0
0.301,14000,0,0,0
0.301,12110,1,0,0
0.301,9500,0,0,0
0.301,14500,0,0,0
0.301,10000,0,0,0
0.301,16200,0,0,0
0.301,10600,0,0,0
0.301,9900,1,0,0
0.301,8500,0,0,0
0.301,9890,0,0,0
0.301,7800,0,0,0
0.301,9800,0,0,0
0.301,8666,0,0,0
0.301,11200,1,0,0
0.301,12320,1,0,0
0.301,11000,0,0,0
0.301,12700,0,0,0
0.301,7490,0,0,1
0.301,8880,0,0,0
0.301,8000,0,0,0
0.301,6980,0,0,0
0.301,6500,0,0,0
0.301,9990,0,0,0
0.301,8650,0,0,0
0.302,4640,0,0,0
0.302,5800,0,0,0
0.302,5000,0,0,0
0.302,4500,0,0,0
0.302,3933,0,0,0
0.302,4640,1,0,0
0.302,5500,0,0,0
0.302,4300,0,0,0
0.302,4000,0,0,0
0.302,3800,0,0,0
0.302,4100,0,0,0
0.302,3700,0,0,1
0.302,4899,0,0,0
0.302,4466,0,0,0
0.302,6300,0,0,0
0.302,8000,0,0,0
0.302,4200,0,0,0
0.303,3166,0,0,0
0.303,4980,0,0,0
0.303,4990,0,0,0
0.303,4400,0,0,0
0.303,3460,0,0,0
0.303,4200,0,0,0
0.303,3670,0,0,0
0.303,3950,0,0,0
0.303,4580,0,0,0
0.303,4000,0,0,1
0.303,4900,0,0,0
0.303,3800,0,0,0
0.303,7300,1,0,0
0.303,3990,0,0,0
0.303,4950,0,0,0
0.303,3500,0,0,0
0.303,3980,0,0,0
0.303,3900,1,0,0
0.303,4466,0,0,0
0.303,4760,1,0,0
0.303,4500,0,0,0
0.303,3480,0,0,0
0.303,5800,0,0,0
0.303,4800,0,0,0
0.303,4300,0,0,0
0.303,5320,1,0,0
0.304,694,0,0,0
0.304,571,0,0,0
0.304,450,0,0,0
0.304,600,0,0,0
0.304,500,0,0,0
0.304,800,0,0,0
0.304,330,0,0,0
0.304,510,0,0,0
0.304,300,0,0,0
0.304,700,0,0,0
0.304,550,0,0,0
0.304,400,0,0,0
0.304,750,0,0,0
0.304,495,0,0,1
0.304,383,0,0,0
0.304,617,0,0,0
0.305,390,0,0,0
0.305,200,0,0,1
0.305,298,0,0,0
0.305,278,0,0,0
0.305,698,0,0,0
0.305,348,0,0,0
0.305,500,0,0,0
0.305,300,0,0,0
0.305,665,0,0,0
0.305,398,0,0,0
0.305,450,0,0,0
0.305,250,0,0,0
0.305,550,0,0,0
0.305,220,0,0,0
0.305,480,0,0,0
0.305,560,0,0,0
0.305,380,0,0,0
0.305,443,0,0,0
0.305,280,0,0,0
0.305,217,0,0,0
0.305,400,0,0,0
0.305,248,0,0,0
0.305,428,0,0,0
0.305,290,0,0,0
0.305,700,0,0,0
0.306,300,0,0,0
0.306,383,1,0,0
0.306,400,0,0,0
0.306,426,0,0,0
0.306,383,0,0,0
0.306,985,0,0,0
0.306,373,0,0,0
0.306,590,0,0,0
0.306,320,0,0,0
0.306,500,0,0,0
0.306,570,0,0,0
0.306,250,0,0,1
0.306,880,0,0,0
0.306,262,1,0,0
0.306,450,0,0,0
0.306,285,0,0,0
0.306,260,0,0,0
0.306,549,0,0,0
0.306,270,0,0,0
0.306,370,0,0,0
0.306,550,0,0,0
0.306,399,0,0,0
0.306,299,0,0,0
0.306,430,0,0,0
0.306,349,1,0,0
0.306,350,0,0,0
0.306,1000,0,0,0
0.306,600,0,0,0
0.306,332,0,0,0
0.306,390,0,0,0
0.306,325,0,0,0
0.306,980,0,0,0
0.306,650,0,0,0
0.307,415,1,0,0
0.307,470,0,0,0
0.307,612,0,0,0
0.307,500,0,0,0
0.307,690,0,0,0
0.307,498,0,0,0
0.307,700,0,0,0
0.307,300,0,0,0
0.307,498,1,0,1
0.307,362,1,0,0
0.307,880,0,0,0
0.307,649,0,0,0
0.307,430,0,0,0
0.307,550,0,0,0
0.307,566,0,0,0
0.307,1200,0,0,0
0.307,610,0,0,0
0.307,499,0,0,0
0.307,1000,0,0,0
0.307,600,0,0,0
0.307,582,0,0,0
0.307,450,0,0,0
0.307,350,0,0,0
0.307,570,1,0,0
0.307,375,0,0,0
0.308,1390,0,0,0
0.308,1000,0,0,0
0.308,1300,0,0,0
0.308,2000,0,0,0
0.308,2857,0,0,0
0.308,1790,0,0,0
0.308,1200,0,0,0
0.308,1680,0,0,0
0.308,1700,0,0,0
0.308,1670,0,0,0
0.308,1800,0,0,0
0.308,2586,0,0,0
0.308,1990,0,0,0
0.308,1900,0,0,0
0.308,2400,0,0,0
0.308,1660,0,0,0
0.308,1400,0,0,0
0.308,1865,0,0,0
0.308,1500,0,0,0
0.308,1538,0,0,1
0.308,1587,0,0,0
0.309,2880,0,0,0
0.309,2800,0,0,0
0.309,2950,0,0,0
0.309,2990,0,0,0
0.309,2980,0,0,0
0.309,2300,0,0,1
0.309,2700,0,0,0
0.309,2390,0,0,0
0.411,2580,0,0,0
0.411,2550,0,0,0
0.411,2390,0,0,0
0.411,2380,0,0,1
0.412,699,0,0,0
0.412,749,0,0,0
0.412,540,0,0,0
0.412,200,0,0,0
0.412,680,0,0,0
0.412,390,0,0,0
0.412,558,0,0,0
0.412,300,0,0,0
0.412,548,0,0,0
0.412,450,0,0,0
0.412,650,0,0,0
0.412,250,0,0,0
0.412,400,0,0,0
0.412,298,1,0,0
0.412,449,0,0,0
0.412,599,0,0,0
0.412,700,0,0,0
0.412,498,0,0,0
0.412,398,0,0,0
0.412,280,0,0,0
0.412,380,0,0,0
0.412,490,0,0,0
0.412,399,0,0,1
0.412,539,0,0,0
0.412,500,0,0,0
0.412,350,0,0,0
0.412,749,1,0,0
0.412,550,0,0,0
0.412,549,0,0,0
0.412,290,0,0,0
0.412,598,0,0,0
0.412,496,0,0,0
0.412,570,0,0,0
0.412,310,0,0,0
0.412,499,0,0,0
0.413,2590,0,0,0
0.413,5000,0,0,0
0.413,2000,0,0,0
0.413,2680,0,0,0
0.413,2390,0,0,0
0.413,1790,0,0,0
0.413,2290,0,0,0
0.413,2500,0,0,0
0.413,1990,0,0,0
0.413,2580,0,0,0
0.413,3900,0,0,0
0.413,2490,0,0,0
0.413,4980,0,0,0
0.413,1980,0,0,0
0.413,1500,0,0,0
0.413,3490,0,0,0
0.413,1850,0,0,0
0.413,2590,1,0,0
0.413,1750,0,0,0
0.413,1800,0,0,0
0.413,2980,0,0,0
0.413,2480,0,0,0
0.413,4000,0,0,0
0.413,2300,0,0,1
0.413,3000,0,0,0
0.413,4500,0,0,0
0.413,3500,0,0,0
0.413,4900,1,0,0
0.413,2880,0,0,0
0.413,3980,0,0,0
0.413,2200,0,0,0
0.414,1000,0,0,0
0.414,800,0,0,0
0.414,860,0,0,0
0.414,796,0,0,0
0.414,700,0,0,0
0.414,850,0,0,0
0.414,1900,0,0,0
0.414,600,0,0,0
0.414,980,0,0,0
0.414,1550,0,0,0
0.414,550,0,0,0
0.414,750,0,0,0
0.414,500,0,0,1
0.414,1980,0,0,0
0.414,549,0,0,0
0.414,830,0,0,0
0.414,900,0,0,0
0.414,798,0,0,0
0.414,1500,0,0,0
0.414,1880,0,0,0
0.414,1212,0,0,0
0.414,598,0,0,0
0.414,598,1,0,0
0.414,1350,0,0,0
0.414,666,0,0,0
0.414,987,0,0,0
0.415,2980,0,0,0
0.415,2900,0,0,0
0.415,2500,0,0,0
0.415,3980,0,0,0
0.415,5500,0,0,0
0.415,3280,0,0,0
0.415,2880,0,0,0
0.415,3000,0,0,0
0.415,2280,0,0,0
0.415,2990,0,0,0
0.415,4500,0,0,0
0.415,4000,0,0,0
0.415,2000,0,0,0
0.415,4980,0,0,0
0.415,3200,0,0,0
0.415,3800,0,0,0
0.415,2790,0,0,0
0.415,3500,0,0,0
0.415,3600,0,0,0
0.415,3990,0,0,0
0.415,2360,0,0,0
0.415,1500,0,0,1
0.416,3490,0,0,0
0.416,4000,0,0,0
0.416,4590,0,0,0
0.416,7800,0,0,0
0.416,3800,0,0,0
0.416,5000,0,0,0
0.416,3480,0,0,0
0.416,3780,0,0,0
0.416,4500,0,0,0
0.416,6500,0,0,0
0.416,3280,0,0,0
0.416,6490,0,0,0
0.416,3990,0,0,0
0.416,5200,0,0,0
0.416,2980,0,0,0
0.416,4990,0,0,0
0.416,4300,0,0,0
0.416,5500,0,0,0
0.416,3690,0,0,0
0.416,3000,0,0,0
0.416,3500,0,0,0
0.416,3300,0,0,0
0.416,3950,0,0,0
0.416,7980,0,0,0
0.416,5990,0,0,0
0.416,4490,0,0,1
0.416,6800,0,0,0
0.417,1590,0,0,0
0.417,1290,0,0,0
0.417,1750,0,0,0
0.417,1490,0,0,0
0.417,1980,0,0,0
0.417,500,0,0,0
0.417,660,0,0,0
0.417,396,1,0,1
0.417,796,0,0,0
0.417,990,0,0,0
0.417,800,0,0,0
0.417,1000,0,0,0
0.417,1300,0,0,0
0.417,650,0,0,0
0.417,1250,0,0,0
0.417,496,0,0,0
0.417,670,0,0,0
0.417,700,0,0,0
0.417,450,0,0,0
0.417,600,0,0,0
0.417,750,0,0,0
0.417,440,0,0,0
0.417,1500,0,0,0
0.417,400,0,0,0
0.417,425,0,0,0
0.417,850,0,0,0
0.417,1095,0,0,0
0.417,558,0,0,0
0.417,569,0,0,0
0.417,490,1,0,0
0.417,657,0,0,0
0.417,681,0,0,0
0.417,582,0,0,0
0.417,710,0,0,0
0.417,1350,0,0,0
0.417,900,0,0,0
0.417,640,0,0,0
0.418,1900,0,0,0
0.418,1623,0,0,0
0.418,2600,0,0,0
0.418,3400,0,0,0
0.418,1660,0,0,0
0.418,1652,0,0,0
0.418,1100,0,0,0
0.418,2718,0,0,0
0.418,2200,0,0,0
0.418,1850,0,0,0
0.418,2300,0,0,0
0.418,1070,0,0,0
0.418,2980,0,0,0
0.418,1875,0,0,0
0.418,2000,0,0,0
0.418,1450,0,0,0
0.418,1250,0,0,0
0.418,3480,0,0,0
0.418,1934,0,0,0
0.418,1740,0,0,0
0.418,1330,0,0,0
0.418,1750,0,0,0
0.418,2217,0,0,0
0.418,1427,0,0,0
0.418,1748,0,0,0
0.418,1997,0,0,0
0.418,1996,0,0,0
0.418,3323,0,0,0
0.418,2240,0,0,0
0.418,1880,0,0,0
0.418,1818,0,0,0
0.418,1400,0,0,0
0.418,1000,0,0,1
0.418,3500,0,0,0
0.419,1990,0,0,0
0.419,1290,0,0,0
0.419,1000,0,0,0
0.419,1490,0,0,0
0.419,980,0,0,0
0.419,500,0,0,0
0.419,1500,0,0,0
0.419,375,0,0,1
0.419,800,0,0,0
0.419,400,0,0,0
0.419,1100,0,0,0
0.419,750,0,0,0
0.419,1790,0,0,0
0.421,2100,0,0,0
0.421,1500,0,0,0
0.421,1000,0,0,0
0.421,1280,0,0,0
0.421,1250,0,0,0
0.421,1200,0,0,0
0.421,830,0,0,0
0.421,1300,0,0,1
0.421,800,0,0,0
0.421,700,0,0,0
0.421,798,0,0,0
0.421,1100,0,0,0
0.421,2000,0,0,0
0.421,850,0,0,0
0.421,900,0,0,0
0.421,930,0,0,0
0.422,1590,0,0,0
0.422,4000,0,0,0
0.422,1200,0,0,1
0.422,2000,0,0,0
0.422,2180,0,0,0
0.422,2500,0,0,0
0.422,2280,0,0,0
0.422,1500,0,0,0
0.422,3000,0,0,0
0.422,1790,0,0,0
0.422,1880,0,0,0
0.422,2380,0,0,0
0.422,3900,1,0,0
0.422,2480,0,0,0
0.422,1680,0,0,0
0.422,1980,0,0,0
0.422,1380,0,0,0
0.422,2980,0,0,0
0.422,4500,0,0,0
0.422,2290,0,0,0
0.422,1590,1,0,0
0.422,3500,0,0,0
0.423,4990,0,0,0
0.423,3000,0,0,0
0.423,2000,0,0,0
0.423,7000,0,0,0
0.423,3990,0,0,0
0.423,3580,0,0,0
0.423,5000,0,0,0
0.423,3500,0,0,0
0.423,4590,0,0,0
0.423,6000,0,0,0
0.423,1990,0,0,1
0.423,2990,0,0,0
0.423,4500,0,0,0
0.423,3340,0,0,0
0.423,4000,0,0,0
0.423,2500,0,0,0
0.424,2580,0,0,0
0.424,2980,0,0,0
0.424,3990,0,0,0
0.424,2000,0,0,0
0.424,2483,0,0,1
0.424,2990,0,0,0
0.424,2490,0,0,0
0.424,2458,0,0,0
0.424,3500,0,0,0
0.424,2290,0,0,0
0.424,2500,0,0,0
0.424,3900,1,0,0
0.424,3490,0,0,0
0.424,2690,0,0,0
0.424,1900,0,0,0
0.424,3590,0,0,0
0.424,1300,0,0,0
0.424,4500,0,0,0
0.424,3980,0,0,0
0.424,3000,0,0,0
0.424,1980,0,0,0
0.424,2880,0,0,0
0.424,2480,0,0,0
0.424,2300,0,0,0
0.424,2241,0,0,0
0.424,1400,0,0,0
0.424,2280,0,0,0
0.424,4000,0,0,0
0.424,1600,0,0,0
0.424,2250,0,0,0
0.424,1500,0,0,0
0.425,1990,0,0,0
0.425,900,0,0,0
0.425,1000,0,0,0
0.425,950,0,0,0
0.425,760,1,0,0
0.425,826,0,0,0
0.425,1250,0,0,0
0.425,796,0,0,0
0.425,600,0,0,0
0.425,500,0,0,1
0.425,550,0,0,0
0.425,670,0,0,0
0.425,1490,0,0,0
0.425,990,0,0,0
0.425,1100,0,0,0
0.425,800,0,0,0
0.425,1290,0,0,0
0.425,700,0,0,0
0.425,666,0,0,0
0.425,820,0,0,0
0.425,1090,0,0,0
0.425,1180,1,0,0
0.425,1750,0,0,0
0.425,993,0,0,0
0.425,883,0,0,0
0.425,820,1,0,0
0.425,1200,0,0,0
0.426,417,0,0,0
0.426,600,0,0,0
0.426,500,0,0,0
0.426,428,0,0,0
0.426,393,0,0,0
0.426,400,0,0,0
0.426,650,0,0,0
0.426,300,0,0,0
0.426,380,0,0,0
0.426,700,0,0,0
0.426,384,0,0,0
0.426,620,0,0,0
0.426,310,0,0,0
0.426,307,0,0,0
0.426,450,0,0,0
0.426,461,0,0,1
0.426,410,0,0,0
0.426,800,0,0,0
0.427,1980,0,0,0
0.427,1800,0,0,0
0.427,1000,0,0,1
0.427,1680,0,0,0
0.428,990,0,0,1
0.428,1580,0,0,0
0.429,16710,0,0,0
0.429,15900,0,0,0
0.429,15800,0,0,1
0.431,11200,0,0,1
0.431,12800,0,0,0
0.431,12950,0,0,0
0.432,2150,0,0,0
0.432,980,0,0,0
0.432,853,0,0,0
0.432,831,0,0,0
0.432,1900,0,0,0
0.432,1200,0,0,0
0.432,700,0,0,0
0.432,1653,0,0,0
0.432,1613,0,0,0
0.432,600,0,0,1
0.432,860,0,0,0
0.432,1240,0,0,0
0.432,1720,0,0,0
0.432,1520,0,0,0
0.432,1250,0,0,0
0.432,1327,0,0,0
0.432,1300,0,0,0
0.432,1326,0,0,0
0.432,750,0,0,0
0.432,670,0,0,0
0.432,800,0,0,0
0.432,625,0,0,0
0.432,1000,0,0,0
0.432,790,0,0,0
0.432,890,0,0,0
0.432,2266,0,0,0
0.432,842,0,0,0
0.432,920,0,0,0
0.432,907,0,0,0
0.432,2300,0,0,0
0.432,1053,0,0,0
0.432,820,0,0,0
0.433,1500,0,0,0
0.433,1790,0,0,0
0.433,1680,0,0,0
0.433,1200,0,0,0
0.433,1990,0,0,0
0.433,1690,0,0,0
0.433,1590,0,0,0
0.433,1490,1,0,1
0.433,2500,0,0,0
0.433,1400,0,0,0
0.433,1580,0,0,0
0.433,1000,0,0,0
0.433,1300,0,0,0
0.433,980,0,0,0
0.433,1980,0,0,0
0.433,2480,0,0,0
0.433,1245,0,0,0
0.433,1780,0,0,0
0.433,1190,0,0,0
0.433,1500,1,0,0
0.433,1490,0,0,0
0.433,1280,0,0,0
0.433,2400,0,0,0
0.433,2000,0,0,0
0.433,1250,0,0,0
0.433,1700,1,0,0
0.433,990,0,0,0
0.433,1900,0,0,0
0.434,3200,0,0,0
0.434,3500,0,0,0
0.434,1200,0,0,1
0.435,2650,0,0,0
0.435,2750,0,0,0
0.435,3200,0,0,0
0.435,1200,0,0,1
0.435,3450,0,0,0
0.435,3410,0,0,0
0.436,2590,0,0,0
0.436,1300,0,0,0
0.436,2150,0,0,0
0.436,2990,0,0,0
0.436,2100,0,0,0
0.436,1000,0,0,1
0.437,1200,0,0,1
0.437,2700,0,0,0
0.438,2150,0,0,0
0.438,1800,0,0,1
0.438,2210,0,0,0
0.438,2140,0,0,0
0.438,2270,0,0,0
0.438,2280,0,0,0
0.439,2990,0,0,0
0.439,3000,0,0,0
0.439,2300,0,0,0
0.439,1700,0,0,0
0.439,3100,0,0,0
0.439,1800,0,0,0
0.439,1150,0,0,0
0.439,2100,0,0,0
0.439,1980,0,0,0
0.439,1500,0,0,0
0.439,1100,0,0,1
0.441,4880,0,0,1
0.441,5090,0,0,0
0.441,4180,0,0,0
0.441,4990,0,0,0
0.441,5150,0,0,0
0.441,4100,0,0,0
0.441,4400,0,0,0
0.441,3700,0,0,0
0.441,4200,0,0,0
0.441,3500,0,0,0
0.441,4690,0,0,0
0.441,5200,0,0,0
0.441,5100,0,0,0
0.441,5340,0,0,0
0.441,5190,0,0,1
0.441,4250,0,0,0
0.441,4000,0,0,0
0.441,3780,0,0,0
0.441,5130,0,0,0
0.441,4500,0,0,0
0.441,4300,0,0,0
0.441,3100,0,0,0
0.441,5290,0,0,0
0.441,4600,0,0,0
0.441,2800,0,0,0
0.441,3400,0,0,0
0.441,3150,0,0,0
0.441,3250,0,0,0
0.441,3800,0,0,0
0.441,3300,0,0,0
0.441,4280,0,0,0
0.441,3470,0,0,0
0.441,5780,0,0,0
0.441,4000,0,0,0
0.441,5500,0,0,0
0.441,6190,0,0,0
0.441,4200,0,0,0
0.441,4800,0,0,0
0.441,5200,0,0,0
0.441,5900,0,0,0
0.441,4400,0,0,0
0.441,6590,0,0,0
0.441,5990,0,0,0
0.441,5950,0,0,0
0.441,4500,0,0,0
0.441,5400,0,0,0
0.441,5300,0,0,0
0.441,5700,0,0,0
0.441,6000,0,0,0
0.441,6390,0,0,0
0.441,5590,0,0,0
0.441,3800,0,0,0
0.441,4350,0,0,0
0.441,4980,0,0,0
0.441,6230,0,0,0
0.441,5800,0,0,0
0.441,5000,0,0,0
0.441,6500,0,0,0
0.441,6300,0,0,0
0.441,6200,0,0,0
0.441,5630,0,0,0
0.441,4700,0,0,0
0.442,3500,0,0,1
0.442,3750,0,0,0
0.442,3800,0,0,0
0.442,5560,0,0,0
0.442,4790,0,0,0
0.442,6760,0,0,0
0.442,5600,0,0,0
0.442,5960,0,0,0
0.442,4680,0,0,0
0.442,5800,0,0,0
0.442,7160,0,0,0
0.442,3980,0,0,0
0.442,5680,0,0,0
0.442,3980,1,0,0
0.442,3400,0,0,1
0.443,4790,0,0,0
0.443,3900,0,0,0
0.443,5000,0,0,0
0.443,3500,0,0,0
0.443,3980,1,0,0
0.443,4200,0,0,0
0.443,4990,0,0,0
0.443,3980,0,0,0
0.443,4300,0,0,0
0.443,3350,1,0,1
0.443,3600,0,0,0
0.443,4500,0,0,0
0.443,3800,0,0,0
0.443,4000,0,0,0
0.443,4700,0,0,0
0.443,4900,0,0,0
0.443,3950,0,0,0
0.443,3750,0,0,0
0.443,5030,0,0,0
0.443,4490,0,0,0
0.443,5490,0,0,0
0.443,4890,0,0,0
0.443,4800,0,0,0
0.443,3350,0,0,0
0.443,3600,1,0,0
0.444,1990,0,0,0
0.444,2000,0,0,0
0.444,2200,0,0,0
0.444,2400,0,0,0
0.444,2230,0,0,0
0.444,2500,0,0,0
0.444,2800,0,0,0
0.444,2580,0,0,0
0.444,1950,0,0,1
0.444,2600,0,0,0
0.444,2040,0,0,0
0.445,2200,0,0,1
0.445,3190,0,0,0
0.445,3700,0,0,0
0.446,5080,0,0,0
0.446,4530,0,0,0
0.446,5000,0,0,0
0.446,4900,0,0,0
0.446,4990,0,0,0
0.446,5600,0,0,0
0.446,5180,0,0,0
0.446,5390,0,0,0
0.446,5590,0,0,0
0.446,4590,0,0,0
0.446,5090,0,0,0
0.446,5500,0,0,0
0.446,5690,0,0,0
0.446,5200,0,0,0
0.446,5950,0,0,0
0.446,4800,0,0,0
0.446,5300,0,0,0
0.446,4400,0,0,0
0.446,5050,0,0,0
0.446,5100,0,0,0
0.446,5400,0,0,0
0.446,3800,0,0,0
0.446,4980,0,0,1
0.446,4890,0,0,0
0.446,4750,0,0,0
0.447,2500,0,0,0
0.447,3000,0,0,0
0.447,2250,0,0,0
0.447,1750,0,0,1
0.447,2480,0,0,0
0.447,2450,0,0,0
0.447,1850,0,0,0
0.447,2280,0,0,0
0.447,2800,0,0,0
0.448,5500,0,0,0
0.448,4500,0,0,0
0.448,3000,0,0,0
0.448,3600,0,0,0
0.448,4850,0,0,0
0.448,5590,0,0,0
0.448,5100,0,0,0
0.448,3800,0,0,0
0.448,3900,0,0,1
0.448,3300,0,0,0
0.448,2650,0,0,0
0.448,5600,0,0,0
0.448,4200,0,0,0
0.448,3500,0,0,0
0.448,4900,0,0,0
0.448,3200,0,0,0
0.448,6400,0,0,0
0.448,3700,0,0,0
0.449,4900,0,0,0
0.449,4990,0,0,0
0.449,4800,0,0,0
0.449,4500,0,0,0
0.449,4200,0,0,0
0.449,3990,0,0,0
0.449,6000,0,0,0
0.449,6100,0,0,0
0.449,4700,0,0,0
0.449,4350,0,0,0
0.449,5000,0,0,0
0.449,6600,0,0,0
0.449,3800,0,0,1
0.449,5150,0,0,0
0.451,4990,0,0,0
0.451,4900,0,0,0
0.451,4700,0,0,0
0.451,3990,0,0,0
0.451,5900,0,0,0
0.451,3500,0,0,0
0.451,3400,0,0,0
0.451,3850,0,0,0
0.451,4200,0,0,0
0.451,4400,0,0,0
0.451,2500,0,0,0
0.451,5000,0,0,0
0.451,3800,0,0,1
0.452,8900,0,0,0
0.452,7900,0,0,0
0.452,8900,1,0,0
0.452,8990,0,0,0
0.452,6900,0,0,0
0.452,9500,0,0,0
0.452,6990,0,0,0
0.452,9990,0,0,0
0.452,7990,0,0,0
0.452,9190,0,0,0
0.452,9390,0,0,0
0.452,8500,0,0,0
0.452,9500,0,1,1
0.452,11000,0,0,0
0.452,9900,0,0,0
0.453,9520,0,0,0
0.453,9500,0,0,0
0.453,7500,0,0,1
0.453,7990,0,0,0
0.454,4990,0,0,0
0.454,3000,0,0,0
0.454,3900,0,0,0
0.454,3500,0,0,0
0.454,3290,0,0,0
0.454,2980,0,0,1
0.454,4800,0,0,0
0.454,3800,0,0,0
0.454,4500,0,0,0
0.454,4700,0,0,0
0.454,4200,0,0,0
0.454,3980,0,0,0
0.454,4000,0,0,0
0.455,8990,0,0,0
0.455,8900,0,0,0
0.455,3980,0,0,1
0.456,5300,0,0,0
0.456,2700,0,0,1
0.456,5000,0,0,0
0.456,4800,0,0,0
0.456,6700,0,0,0
0.456,4950,0,0,0
0.456,5400,0,0,0
0.456,5800,0,0,0
0.456,11200,0,0,0
0.456,12500,0,0,0
0.456,9900,0,0,0
0.456,10000,0,0,0
0.456,9910,0,0,1
0.456,8800,0,0,0
0.457,7900,0,0,1
0.457,7990,0,0,0
0.458,4900,0,0,0
0.458,4990,0,0,0
0.458,3400,0,0,1
0.458,4700,0,0,0
0.458,5000,0,0,0
0.458,5900,0,0,0
0.458,3490,0,0,0
0.458,5800,0,0,0
0.458,5700,0,0,0
0.458,4800,0,0,0
0.458,5500,0,0,0
0.458,6500,0,0,0
0.458,6300,0,0,0
0.458,4600,0,0,0
0.458,4850,0,0,0
0.459,3990,0,0,0
0.459,5700,0,0,0
0.459,6500,0,0,0
0.459,4900,0,0,0
0.459,5500,0,0,0
0.459,6000,0,0,0
0.459,3900,0,0,0
0.459,3590,0,0,1
0.461,9900,0,0,0
0.461,8910,0,0,1
0.461,10900,0,0,0
0.461,12000,0,0,0
0.462,8900,0,0,0
0.462,10900,0,0,0
0.462,11410,0,0,0
0.462,7990,0,0,0
0.462,8800,0,0,0
0.462,13000,0,0,0
0.462,7900,0,0,0
0.462,8990,0,0,0
0.462,9990,0,0,0
0.462,7500,0,0,0
0.462,6990,0,0,1
0.462,9900,0,0,0
0.462,10500,0,0,0
0.463,23800,0,0,0
0.463,14500,0,0,1
0.463,23890,0,0,0
0.463,18800,0,0,0
0.463,19300,0,0,0
0.463,21800,0,0,0
0.463,19510,0,0,0
0.464,12500,0,0,1
0.464,10900,0,0,0
0.464,17800,0,0,0
0.464,10990,0,0,0
0.464,12900,0,0,0
0.464,9800,0,0,0
0.464,9900,0,0,0
0.464,17990,0,0,0
0.464,16950,0,0,0
0.465,11900,0,0,0
0.465,11000,0,0,0
0.465,11990,0,0,0
0.465,9900,0,0,0
0.465,20500,0,0,0
0.465,13900,0,0,0
0.465,9800,0,0,0
0.465,15500,0,0,0
0.465,15000,0,0,0
0.465,11300,0,0,0
0.465,12900,0,0,0
0.465,8990,0,0,0
0.465,13200,0,0,0
0.465,14900,0,0,0
0.465,8900,0,0,1
0.466,21800,0,0,0
0.466,19620,0,0,0
0.466,14900,0,0,0
0.466,14990,0,0,0
0.466,22900,0,0,0
0.466,20600,0,0,0
0.466,12800,0,0,0
0.466,9900,0,0,1
0.466,10000,0,0,0
0.466,17490,0,0,0
0.466,14500,0,0,0
0.466,14900,0,0,0
0.466,21800,0,0,0
0.466,14500,0,0,0
0.466,14990,0,0,0
0.466,9900,0,0,1
0.466,17490,0,0,0
0.466,20600,0,0,0
0.466,12900,0,0,0
0.466,12800,0,0,0
0.466,22900,0,0,0
0.466,19620,0,0,0
0.467,9900,0,0,1
0.467,9990,0,0,0
0.468,4350,0,0,0
0.468,4700,0,0,0
0.468,3900,0,0,1
0.468,4300,0,0,0
0.469,2390,0,0,0
0.469,2200,0,0,0
0.469,2100,1,0,0
0.469,2400,0,0,0
0.469,2500,0,0,0
0.469,1500,0,0,1
0.469,2170,1,0,0
0.469,2490,0,0,0
0.471,5280,0,0,0
0.471,3750,0,0,1
0.471,4460,0,0,0
0.472,2290,0,0,0
0.472,2490,0,0,0
0.472,2300,0,0,0
0.472,1930,0,0,0
0.472,2000,0,0,0
0.472,1390,0,0,1
0.472,1400,0,0,0
0.472,1550,0,0,0
0.473,2500,0,0,0
0.473,2790,0,0,0
0.473,2640,0,0,0
0.473,2100,0,0,0
0.473,2800,0,0,0
0.473,2000,0,0,0
0.473,2680,0,0,0
0.473,1400,0,0,0
0.473,3100,0,0,0
0.473,2950,0,0,0
0.473,2990,0,0,0
0.473,2980,0,0,0
0.473,2700,0,0,0
0.473,2890,0,0,0
0.473,2600,0,0,0
0.473,2300,0,0,0
0.473,2390,0,0,1
0.473,2590,0,0,0
0.473,1900,0,0,0
0.473,2200,0,0,0
0.473,2400,0,0,0
0.473,2830,0,0,0
0.473,2930,0,0,0
0.473,2900,0,0,0
0.473,2690,0,0,0
0.473,2650,0,0,0
0.473,2850,0,0,0
0.473,3000,0,0,0
0.474,2290,0,0,0
0.474,2490,0,0,0
0.474,2390,0,0,0
0.474,2300,0,0,0
0.474,2600,0,0,0
0.474,2400,0,0,0
0.474,2000,0,0,0
0.474,2990,0,0,0
0.474,2590,0,0,0
0.474,2320,0,0,0
0.474,2450,0,0,0
0.474,1900,0,0,0
0.474,1950,0,0,0
0.474,1600,0,0,1
0.474,2500,0,0,0
0.474,2200,0,0,0
0.474,2150,0,0,0
0.474,2040,0,0,0
0.474,2190,0,0,0
0.474,1700,0,0,0
0.474,1800,0,0,0
0.474,2280,0,0,0
0.474,2100,0,0,0
0.475,6990,0,0,0
0.475,5900,0,0,0
0.475,6900,0,0,0
0.475,5800,0,0,0
0.475,4200,0,0,0
0.475,6800,0,0,0
0.475,4980,0,0,0
0.475,4600,0,0,0
0.475,5600,0,0,0
0.475,4800,0,0,0
0.475,5500,0,0,0
0.475,4500,0,0,0
0.475,7900,0,0,0
0.475,5200,0,0,1
0.475,7070,0,0,0
0.475,5700,0,0,0
0.475,4000,0,0,0
0.475,6200,0,0,0
